Date,Close,High,Low,Open,Volume
,PEP,PEP,PEP,PEP,PEP
2015-01-02,68.54855346679688,69.20180715313839,68.26547539265218,68.90421466856422,3545700
2015-01-05,68.03318786621094,68.99129929270192,68.02592789406904,68.55578956796732,6441000
2015-01-06,67.51785278320312,68.67920497034542,67.45978960403612,68.28724943784555,6195000
2015-01-07,69.49214172363281,69.84780844533849,68.54129006256483,69.04937746823381,6526300
2015-01-08,70.75509643554688,71.06720878692445,70.17442049046517,70.21796924813862,7131600
2015-01-09,70.27605438232422,70.89301925714872,70.10910820931316,70.80592172143645,4061500
2015-01-12,69.98570251464844,70.65347599928396,69.81876191235776,70.37039798867245,4192700
2015-01-13,69.93490600585938,70.76236580268764,69.55021046459994,70.16717532535964,5371300
2015-01-14,70.16719055175781,70.2615536174219,69.28892182375736,69.28892182375736,5127800
2015-01-15,70.16719055175781,70.63898926686247,69.95669557001146,70.50833740018331,4424000
2015-01-16,70.6171875,70.71880496382624,69.92763409519452,70.15990891278189,4404400
2015-01-20,70.77687072753906,71.3720610785362,70.28329783614609,71.3720610785362,7029500
2015-01-21,70.697021484375,71.29221178349184,70.11634559062092,70.42119794286073,5031100
2015-01-22,71.78582000732422,71.85840314537792,70.43575259611926,70.75512504884169,7620400
2015-01-23,71.51724243164062,71.85112923210892,71.20513001459067,71.39385056711184,4857700
2015-01-26,71.63337707519531,71.82209208264214,70.8930148413319,71.27045593169991,4298700
2015-01-27,70.20346069335938,71.16883217898915,69.13647173953032,70.87849418224692,7365300
2015-01-28,69.47761535644531,70.96558852423738,69.43406659709365,70.55911866965792,6280100
2015-01-29,69.70264434814453,70.02927674873571,68.86067004905694,69.47763497763404,4600300
2015-01-30,68.06946563720703,69.19452301450022,67.90977950234112,69.03483687963431,7741500
2015-02-02,69.19454193115234,69.27438502041309,67.93883242183625,68.12755295442862,6889500
2015-02-03,69.82600402832031,70.08730761320639,69.37598549481073,69.69535223587727,5090400
2015-02-04,70.1163558959961,70.60266884429309,69.70262606065235,69.70262606065235,5064700
2015-02-05,70.12361145019531,70.5736355825284,69.97844523343558,70.5736355825284,4466200
2015-02-06,70.19620513916016,70.45024882564947,69.93490147941772,70.17443075713778,4629200
2015-02-09,69.6590805053711,70.3413739815437,69.3832569106272,70.10184471381457,4217100
2015-02-10,71.12529754638672,71.2051406560112,69.95669080123382,70.21074007971436,6797400
2015-02-11,72.87456512451172,73.13586878512139,72.00355107656712,72.62052143717928,9736400
2015-02-12,72.78019714355469,72.94714329117346,72.13419800916921,72.62051650645691,9062300
2015-02-13,71.9527587890625,72.69312117596516,71.81485249168912,72.69312117596516,5643000
2015-02-17,71.39383697509766,71.64788062950879,71.13253334835012,71.45916011291638,5877800
2015-02-18,72.09790802001953,72.21403989395087,71.2486739637101,71.30673713180747,3472500
2015-02-19,71.6551742553711,72.29391367755709,71.51726240488931,72.07616424482363,4186300
2015-02-20,71.90193939208984,71.90919936595174,71.00915642788948,71.29223449339081,3945500
2015-02-23,72.18505859375,72.20683852774742,71.66971091062396,71.97456907144075,3075700
2015-02-24,72.27938842773438,72.56246652426627,71.96001599565197,72.18502537039834,3389900
2015-02-25,72.2212905883789,72.45355984413862,71.79304639777712,72.35194239085224,3366100
2015-02-26,71.90918731689453,72.11968222171905,71.8438641762955,71.96725602258472,5722000
2015-02-27,71.84386444091797,72.1269424600296,71.83660446824581,72.0180650208936,6461700
2015-03-02,71.85838317871094,72.07613807010483,71.66240820664598,71.84386877022858,3613600
2015-03-03,71.42290496826172,71.82211503101868,71.21966994900524,71.72775749714644,4148100
2015-03-04,71.14157104492188,71.4996155972913,70.9662030809844,71.40462577825163,3884200
2015-03-05,71.04658508300781,71.48500780407707,71.03196783322534,71.39001240503303,3537200
2015-03-06,70.27203369140625,70.98812842185585,70.10397434002608,70.87852134604196,6466100
2015-03-09,70.17704772949219,70.51317202560661,70.12589850127581,70.147818802676,4810500
2015-03-10,69.00057983398438,69.85550466508704,69.00057983398438,69.69474842508237,5390300
2015-03-11,68.41604614257812,69.14675262713995,68.28451875236307,69.02253386272797,4637300
2015-03-12,69.93590545654297,69.97244300469598,68.56948254838882,68.65716931904775,4455000
2015-03-13,68.92020416259766,69.84819852444193,68.64253783126253,69.33670644702312,4703800
2015-03-16,69.74591064453125,69.80436848359399,69.03713025156945,69.09558251578582,4687400
2015-03-17,68.78138732910156,69.62900937855217,68.73023810714142,69.3732632687514,4507400
2015-03-18,69.15403747558594,69.45362970717402,67.40034140064442,68.67907730895755,7692100
2015-03-19,68.75944519042969,69.11018658307034,68.46716162570334,69.0005795494423,4386400
2015-03-20,69.66553497314453,69.76783898254533,68.7594607350157,68.83253024900492,8810400
2015-03-23,70.03821563720703,70.23550951053653,69.66555376802202,69.76054917919848,4739400
2015-03-24,70.04547882080078,70.99539886721318,70.00894129022936,70.66657781660376,7118600
2015-03-25,69.60707092285156,70.46930442158583,69.5851506298504,70.46199579897025,4965600
2015-03-26,69.87743377685547,70.13318541360493,69.26364322828725,69.59976742033832,5077700
2015-03-27,70.11127471923828,70.26472796444025,69.54863326127095,69.62170278408074,4245600
2015-03-30,70.52777862548828,70.64469432433822,69.81899810688816,70.35241065206074,5021200
2015-03-31,69.87016296386719,70.57894364104679,69.87016296386719,70.30858578295052,4397600
2015-04-01,69.48287963867188,69.62171566008018,68.81063098473903,69.53403444643138,4241200
2015-04-02,69.92129516601562,70.09666313595709,69.25634968543142,69.25634968543142,3586200
2015-04-06,70.49856567382812,70.94429151060571,69.80439115292575,69.80439115292575,4861800
2015-04-07,70.30126953125,70.78353848232675,70.28665785463312,70.63739384191803,3376600
2015-04-08,70.16973114013672,70.5862335440126,69.92129365266734,70.22088036254789,3879100
2015-04-09,70.40354919433594,70.60814606143269,69.88474840281305,70.02358438042006,3487000
2015-04-10,70.2939224243164,70.52774814611847,70.25739046534902,70.35238024847816,2704900
2015-04-13,69.80437469482422,70.35240444139703,69.76784272329415,70.15511618556343,3772900
2015-04-14,70.50585174560547,70.73237449727482,69.70207590299147,69.90667278203719,4501700
2015-04-15,70.6081314086914,71.09770875318513,70.51314161863654,70.68850952906297,3508700
2015-04-16,70.47663116455078,70.82006406995728,70.30126318673486,70.53508901543859,3699000
2015-04-17,70.00895690917969,70.23547961453954,69.6801413600562,70.03087720247515,4991600
2015-04-20,70.51315307617188,70.83466560990004,70.32316789034648,70.33778513725026,4468600
2015-04-21,70.7177734375,71.28772360955604,70.54240544029386,71.02466882632278,4184300
2015-04-22,71.08309173583984,71.3461463897429,70.64466917094985,71.06117144382215,5293600
2015-04-23,69.95051574707031,71.20002283671168,69.74591330255332,70.63737587027147,7827700
2015-04-24,69.54131317138672,69.93589521932225,69.05904994047418,69.93589521932225,5381700
2015-04-27,69.04443359375,69.61438358991799,69.0225132977199,69.54131407820222,5348500
2015-04-28,68.9932861328125,69.24903221774545,68.70100250366919,69.22711192115786,5065900
2015-04-29,68.96404266357422,69.02980911430932,68.14565536443796,68.84713258148848,4963600
2015-04-30,69.5047836303711,69.65823128078522,68.51102263972547,68.80330626782946,6714400
2015-05-01,69.82626342773438,69.8701095785354,69.24170197388264,69.53398548823068,4622300
2015-05-04,70.11127471923828,70.33048886251488,69.60709110945767,69.7459215303421,3729400
2015-05-05,69.72398376464844,70.27201341070753,69.59245642660042,70.16240636652654,3502800
2015-05-06,69.76783752441406,70.12588203787081,69.38055851615673,70.08934449421655,3376400
2015-05-07,69.52667999267578,69.90664467601749,69.38053544151005,69.52667999267578,3157400
2015-05-08,70.5497055053711,70.5935461056408,69.81899910168977,70.08205385300285,5231600
2015-05-11,70.40354919433594,70.95157890613645,70.23548987129783,70.34509135378072,3070300
2015-05-12,70.2939224243164,70.42544974125788,69.41707736126993,70.14778343875697,4229900
2015-05-13,70.4474105834961,70.84929578074247,70.27203702393811,70.34510655299674,3739800
2015-05-14,71.60919952392578,71.60919952392578,70.68850825480435,70.7615777515944,4018500
2015-05-15,71.76997375488281,71.93073003303053,71.42654090153933,71.48499874356517,3809500
2015-05-18,71.64576721191406,71.85036411896908,71.36809520247003,71.61653828592797,3328300
2015-05-19,71.57269287109375,71.85766793393087,71.29502643354282,71.56538982065523,3323900
2015-05-20,71.38269805908203,71.85034963086568,71.37538943534734,71.60921522123917,2789800
2015-05-21,71.02466583251953,71.4557855437537,70.80545723896388,71.17081046973784,3406100
2015-05-22,70.33782196044922,71.03199103094084,70.31590165346411,71.03199103094084,3311100
2015-05-26,69.99433135986328,70.35237575400161,69.78242594194828,70.19161953524922,3806200
2015-05-27,70.42546844482422,70.57161304404163,69.9358965808504,70.14049344490833,4028200
2015-05-28,70.92233276367188,71.16346711627222,70.09663687200896,70.54967666402972,5321700
2015-05-29,70.46200561523438,71.05387590810314,70.10396110502889,71.03195561204821,5731700
2015-06-01,70.1258773803711,70.57891167245506,69.88474298789964,70.57891167245506,4407000
2015-06-02,70.18433380126953,70.40354231967687,69.68745335476184,69.87743295574569,3959800
2015-06-03,70.14974975585938,70.66501323095481,70.03933454949588,70.53251610650875,3248800
2015-06-04,69.29586029052734,70.38528143474353,69.28114088758286,69.93626382962225,4793700
2015-06-05,68.49352264404297,69.17809002579891,68.38310746325342,69.09711926761653,4741200
2015-06-08,68.33895111083984,68.7585300013951,68.26534284819786,68.67755922770378,4466600
2015-06-09,68.50824737548828,68.69227081913319,68.25061567757538,68.3095045273697,3411900
2015-06-10,68.964599609375,69.25167561592998,68.55238344369673,68.72904992153636,3892000
2015-06-11,69.25907135009766,69.4062934975313,69.1118548186147,69.19282559571553,3020100
2015-06-12,69.0014419555664,69.24435429511907,68.78061715084198,69.16338351526818,3748500
2015-06-15,68.19174194335938,68.76589431624778,68.11813367277516,68.65547910239593,7203000
2015-06-16,68.8615951538086,68.97936727215829,68.14758308347437,68.28743712301765,2728700
2015-06-17,69.22962188720703,69.39155780054796,68.64074461995882,68.87629440366814,3108900
2015-06-18,70.09822845458984,70.3116907553885,69.28116373101192,69.4357427846684,4035400
2015-06-19,69.82585144042969,70.15709137142728,69.7227987678549,69.84057084396203,5463300
2015-06-22,70.3705825805664,70.57668799411724,69.9289273206787,69.9289273206787,3626700
2015-06-23,70.3705825805664,70.47363528734182,70.03198002745411,70.37794509275074,3679900
2015-06-24,70.14237213134766,70.49569397644184,70.12029021802294,70.12029021802294,4742000
2015-06-25,69.80377960205078,70.65764552890309,69.80377960205078,70.48098458126991,4426400
2015-06-26,69.86266326904297,70.26014896771544,69.80377441888784,70.00251726822408,5119600
2015-06-29,68.964599609375,69.75221940458053,68.91307329065866,69.48722530376861,3625600
2015-06-30,68.70698547363281,69.7080733871281,68.64810224385913,69.56821939847248,4188500
2015-07-01,69.5755844116211,69.61239134848073,68.8615781337149,69.04560158611291,4808600
2015-07-02,69.67866516113281,69.91421503145514,69.3474194705236,69.63449569948044,3209600
2015-07-06,69.48726654052734,69.87003290443496,69.20019036360891,69.22227228245634,4952400
2015-07-07,70.95945739746094,71.15084339556326,69.5903222109427,69.76698318521731,7724800
2015-07-08,70.3779296875,70.87111119282133,70.30432142962295,70.45153794537705,6055100
2015-07-09,69.62711334228516,71.65873390475777,69.25170952892033,71.6513713939221,9932300
2015-07-10,70.33377075195312,70.86375361513046,69.93627939260726,70.23807495569642,7233600
2015-07-13,71.56306457519531,71.76180749805317,70.782806677821,70.88585939574018,7263800
2015-07-14,71.49678039550781,71.75441768808237,71.20234740276436,71.69552884315394,4479400
2015-07-15,70.92263793945312,71.65136924370755,70.90055602355908,71.45262638471094,5464700
2015-07-16,71.3275146484375,71.65139221195457,71.30543272546497,71.46736869924754,4253000
2015-07-17,71.23916625976562,71.2686106894798,70.70182086134639,71.06250529743129,3573300
2015-07-20,71.62931060791016,71.75445086523159,71.25390668380172,71.46001212039897,3391800
2015-07-21,71.3495864868164,71.75444040393036,71.28333511131088,71.75444040393036,3065400
2015-07-22,71.5262222290039,71.75441509085456,71.25387115897932,71.41580705274704,3371300
2015-07-23,71.30540466308594,71.67345154365445,71.00360352536389,71.40109483029185,2742900
2015-07-24,70.79749298095703,71.32011883913904,70.73124162701744,71.15817732500814,3631700
2015-07-27,70.41474914550781,70.97417649761039,70.17183679696399,70.68710030967716,4783400
2015-07-28,70.74597930908203,70.83431259149604,70.40001430623168,70.83431259149604,4937100
2015-07-29,71.05512237548828,71.23178328707691,70.70180055231103,70.79749070943213,3851100
2015-07-30,71.12873077392578,71.3127541952123,70.77540894998717,70.79749086198969,3380700
2015-07-31,70.92263793945312,71.52623464300783,70.81222274403272,71.52623464300783,5049600
2015-08-03,71.73234558105469,71.75443311461348,70.79014632343318,70.80487134580571,3711100
2015-08-04,71.99732971191406,72.13718932505637,71.53359265942348,71.62192593340015,3955000
2015-08-05,73.01315307617188,73.13092517558371,72.05622879467936,72.15191897644839,4320400
2015-08-06,72.98369598388672,74.05839217831989,72.94688905023472,73.35910536652865,6224000
2015-08-07,72.9468994140625,73.20453113838037,72.667185772796,72.88065366321663,4608300
2015-08-10,72.93951416015625,73.38853171794001,72.79229768243476,73.25603464161122,4753700
2015-08-11,72.59358978271484,72.68927997765181,72.24762471616773,72.57886475829295,3581300
2015-08-12,72.41691589355469,72.45372283495192,71.40110833282989,72.16664666309599,3743300
2015-08-13,72.71870422363281,73.0425872795876,72.15927138587902,72.43162810256372,4190600
2015-08-14,73.04258728027344,73.07202608904252,72.6524528647107,72.74814864903448,3375600
2015-08-17,73.50634002685547,73.67563848519593,72.68927531830528,72.74080166857641,3253100
2015-08-18,73.4400863647461,73.91854852575571,73.24134348159329,73.24134348159329,4578500
2015-08-19,72.86592102050781,73.37382752100757,72.60828932313468,73.15299714271643,3903500
2015-08-20,72.12248229980469,72.57885692047525,72.12248229980469,72.36538901702097,3956800
2015-08-21,70.8490219116211,71.84274732952925,70.73860672830918,71.54830871268067,7514400
2015-08-24,67.59551239013672,67.96355938481334,56.29647077675472,67.4114888927984,13366900
2015-08-25,65.98344421386719,69.29586613470771,65.91719847110623,69.29586613470771,8258100
2015-08-26,68.08132934570312,68.1843820516713,66.02026961038823,67.51453946287813,7614100
2015-08-27,68.89837646484375,69.18545258885123,67.61757486419883,68.82476821026873,6690000
2015-08-28,68.84683227539062,69.07501949019692,68.29476208528631,68.45670357293531,6002300
2015-08-31,68.40518951416016,68.69962812487623,68.19172166178974,68.41255202381414,5328000
2015-09-01,67.22745513916016,67.83841440494304,66.89620952491555,67.0728760988929,8367800
2015-09-02,67.97888946533203,68.3646305521343,67.40770311617977,67.78601892193089,5935400
2015-09-03,68.34239959716797,68.80232010863503,68.15694859957057,68.24596711584283,3774100
2015-09-04,67.4448013305664,67.9047217321257,67.2370971684151,67.50414699389934,5653600
2015-09-08,68.52041625976562,68.54266946733937,67.9343906024314,68.1940207899811,3638200
2015-09-09,67.37802124023438,69.04707931283583,67.1332246979699,69.01740649018146,4474400
2015-09-10,67.54864501953125,68.0233989481843,67.08131071275152,67.13323674683815,3928100
2015-09-11,67.96405792236328,67.97889150637198,67.27418024593918,67.44479192984839,4062600
2015-09-14,67.65251922607422,67.97891478114917,67.49674107283802,67.96408119206173,4383600
2015-09-15,68.29044342041016,68.49814754057577,67.61540502987188,68.00114044453477,3725100
2015-09-16,69.0396728515625,69.22512378386598,68.35721477896885,68.50557326100632,4152000
2015-09-17,69.26221466064453,70.00401837300632,68.69844225458588,69.21770258943386,5300800
2015-09-18,69.02482604980469,69.45506782913294,68.09015194530934,68.38687451207907,9622400
2015-09-21,69.5144271850586,69.92983546476187,69.15836456231675,69.22512418176335,3654000
2015-09-22,68.52041625976562,69.04709625722745,68.20885437519237,68.98033097499261,4547900
2015-09-23,68.54265594482422,68.76519363617166,68.14208130898382,68.44621785167907,3401600
2015-09-24,68.5946044921875,68.88390754757818,67.83796137846237,68.1643568910116,4064000
2015-09-25,69.33641815185547,69.86309829270826,68.74297271059068,68.94326295231149,4897200
2015-09-28,68.5946044921875,69.46993328169411,68.39431427875434,68.96550642571547,4659200
2015-09-29,69.01741790771484,69.25479486870688,68.47589870883539,68.6539356742143,5632200
2015-09-30,69.95209503173828,70.02627427392673,69.38090298190909,69.77405805906993,5873600
2015-10-01,69.6182861328125,70.10045973911129,69.08418648642085,69.87791633327679,5061800
2015-10-02,69.84825134277344,69.89275776152473,68.63910747789856,69.11386147629263,5163700
2015-10-05,71.07220458984375,71.19831550925673,70.16720324794679,70.40458584471823,5700200
2015-10-06,72.00686645507812,72.69674394543054,71.75465597836366,72.66707112590325,7094300
2015-10-07,73.08251190185547,73.43116061253669,72.01431821962535,72.09591709487049,6528200
2015-10-08,73.41634368896484,73.44601652847183,72.4000701590333,72.4000701590333,4683300
2015-10-09,73.7872314453125,73.89850315709843,73.29763817726013,73.36440346813743,5607000
2015-10-12,73.54242706298828,74.25455802006934,73.20861762231439,73.4014825322748,4581300
2015-10-13,72.63740539550781,73.55724591209169,72.61515219356842,73.40888179997548,5989400
2015-10-14,72.31845092773438,72.8525505696288,72.25911092492355,72.5261550863569,4238400
2015-10-15,72.90447998046875,73.060258106639,72.27394785277559,72.77837468683295,5763900
2015-10-16,73.95784759521484,74.03944647811136,72.91932664837697,73.3273154033448,5550800
2015-10-19,74.31391143798828,74.38067106928568,73.82431817041659,73.95784309252575,4902700
2015-10-20,74.38065338134766,74.46967186142302,73.93557229999685,74.14327642732636,3613600
2015-10-21,74.36582946777344,74.84800306006574,73.98750795265009,74.10619927485104,4332000
2015-10-22,76.46513366699219,76.68767140140251,74.42517330757282,74.67738387180722,5934800
2015-10-23,75.98297119140625,76.73219469030124,75.61206925366815,76.6431761878189,5015800
2015-10-26,76.06455993652344,76.26484446603212,75.55271351959264,75.95328823812366,3770700
2015-10-27,76.36126708984375,76.5541319578011,75.67138949111738,75.76040230417077,3995700
2015-10-28,76.21292877197266,76.55415787640162,75.27825996139029,76.48739824400907,5164800
2015-10-29,76.25743103027344,76.47996876909771,75.58980649477321,75.73074536484113,3008100
2015-10-30,75.80491638183594,76.58380681428501,75.80491638183594,76.13130613754726,5425800
2015-11-02,75.21891784667969,76.09424668966221,74.99637440916145,75.76785115717271,5007300
2015-11-03,74.86283111572266,75.0779548766861,74.05426776613105,75.0408680858731,4174900
2015-11-04,74.64030456542969,75.17439857729113,74.47710681478557,74.84058911243845,3345600
2015-11-05,74.63288879394531,74.87768543254477,74.32133252273572,74.64030841740681,2834100
2015-11-06,73.97267150878906,74.3954994236426,73.54984359393552,74.23230169167921,4660400
2015-11-09,73.34956359863281,73.88366328305843,72.86739561751207,73.79465044199704,3959900
2015-11-10,73.3124771118164,73.60178016551967,72.97866197787964,73.06768047883232,3367800
2015-11-11,73.75753784179688,74.15069287448433,73.50532165547055,73.64626616134446,3147300
2015-11-12,72.97122955322266,73.68336040214012,72.94897068897997,73.36438459548317,3892800
2015-11-13,72.72645568847656,73.40149430059314,72.5558382997574,72.83772740637909,4001000
2015-11-16,73.85398864746094,73.92817355922104,72.43714625316699,72.51132550541291,3446600
2015-11-17,73.3124771118164,74.09136777197354,73.11218689955147,73.83915717521246,3446500
2015-11-18,74.38065338134766,74.46225223987183,73.37180557139189,73.49049121864603,4074200
2015-11-19,74.87024688720703,75.19664232285007,74.55127107315035,74.56610465681001,3496000
2015-11-20,74.25457000732422,75.77527028147391,74.18039074847867,75.3079301976691,4800600
2015-11-23,74.81092071533203,75.43403892205426,74.35841989244877,74.53645689980627,4604000
2015-11-24,74.64768981933594,74.92215917254084,74.18035561637708,74.425152148194,3405400
2015-11-25,74.55126953125,74.87766496014238,74.51417708359844,74.57352273603577,2906000
2015-11-27,74.72931671142578,74.91476767007202,74.24714308704273,74.24714308704273,1463400
2015-11-30,74.299072265625,74.89993154019093,74.27681339735143,74.72931417384383,6083300
2015-12-01,74.96669006347656,75.01120213985486,74.26197871872486,74.26197871872486,4473200
2015-12-02,74.31155395507812,74.98384931837717,74.22191191369829,74.96891182772572,4361600
2015-12-03,74.02022552490234,74.69252664893457,73.77371986205519,74.41614030289068,5661000
2015-12-04,75.4918212890625,75.72339517403834,73.60938371907238,74.10240077583919,6422700
2015-12-07,75.20050811767578,75.8279912438272,74.78966143071445,75.46942864328936,3408000
2015-12-08,74.82699584960938,75.30507543978973,74.42361512680253,74.99880837381087,3385200
2015-12-09,74.05012512207031,75.41713680690665,73.94554555374874,74.34892633120008,4195100
2015-12-10,73.8783187866211,74.4012166318589,73.54216528683186,74.18458589621493,3926600
2015-12-11,73.04165649414062,73.79612806311056,72.86237809627166,73.1537076299928,5429700
2015-12-14,73.16866302490234,73.66915746094978,72.31708330271147,73.27324259084446,6633900
2015-12-15,74.24435424804688,74.45351340577702,73.35542212853417,73.60193357835595,5554200
2015-12-16,75.50678253173828,75.69353258408282,74.4385720043612,74.58049816871471,4994500
2015-12-17,74.84940338134766,75.52917616835593,74.82699429151805,75.4470057062086,4303600
2015-12-18,73.13130950927734,74.52073012422093,73.11636631603886,74.51325852760169,6926800
2015-12-21,73.66915130615234,73.68408880039942,73.03419666706199,73.49733877693954,3089100
2015-12-22,74.55059814453125,74.75228562571476,73.67660386164962,73.88576863734028,3882100
2015-12-23,75.17809295654297,75.26773502423273,74.71495082221729,74.84941107417258,2929600
2015-12-24,75.1033935546875,75.42460383770099,74.78218327167401,75.0809844627124,1044300
2015-12-28,75.20796966552734,75.29014013177121,74.8045889310097,74.99133895444425,4017700
2015-12-29,75.78314208984375,75.96989207596872,75.27518189961758,75.52916484430932,2362200
2015-12-30,75.55905151367188,75.85038105918065,75.43206288084143,75.82797197093501,2333000
2015-12-31,74.6402359008789,75.37976997721057,74.55806544795317,75.0959063401371,3041500
2016-01-04,73.78119659423828,73.95300912306298,73.05661129214377,73.62432725878534,6689000
2016-01-05,74.28919219970703,74.5879935184407,73.73641346450448,73.81111236939762,4893800
2016-01-06,74.31155395507812,74.52071301914067,73.29563361606824,73.4898494903223,5483400
2016-01-07,72.88479614257812,73.93806897023585,72.61587566314033,73.54962574475537,5440000
2016-01-08,72.61589050292969,73.67662944461911,72.41420295171356,73.0790326897555,4853500
2016-01-11,72.78768920898438,73.1462460538363,72.3618993937488,72.71298464207845,5638000
2016-01-12,72.92215728759766,73.51228809479483,72.56359470505242,73.51228809479483,5185800
2016-01-13,72.08551788330078,73.16119997389133,71.97346671567108,72.81010897492585,5161500
2016-01-14,71.57007598876953,72.51876928385603,71.45803053586496,72.01080900044141,6592500
2016-01-15,70.16571807861328,70.63632607957153,69.69511007765504,70.1806555726552,8229400
2016-01-19,71.54019927978516,71.78671068819979,70.56163094228053,70.71103438639182,6828900
2016-01-20,70.04619598388672,71.27874727313721,69.69511072861806,70.85295744948614,7558100
2016-01-21,70.569091796875,70.71848951908551,69.6577508735806,70.24788156488037,6076300
2016-01-22,71.59996795654297,71.92864986793595,70.307660803401,70.87537685142257,6946600
2016-01-25,71.66719055175781,72.33202017679183,71.36091777886251,71.65224735840962,4407000
2016-01-26,71.95105743408203,72.62335873894546,71.54020505356574,71.6447903224637,3735200
2016-01-27,71.66719055175781,72.66816793806667,71.38332686972639,71.62983826754576,5795100
2016-01-28,72.795166015625,73.13131951960361,71.7717794058827,72.03322833175996,5169900
2016-01-29,74.1771011352539,74.1771011352539,72.89226024321128,73.10889092376802,7340600
2016-02-01,73.97542572021484,74.25181783405354,72.84745387084594,73.60192563623988,3648100
2016-02-02,73.36287689208984,73.7139678402113,73.20600755978928,73.69155874976241,3809900
2016-02-03,73.74388122558594,73.9754495284474,72.90723871652006,73.85593242667274,5146000
2016-02-04,72.75035858154297,73.8783306275243,72.45902892119467,73.71398965006424,5212000
2016-02-05,72.69804382324219,72.98937338354435,72.30960630922532,72.93708360859672,5574800
2016-02-08,72.84745788574219,73.1238500148139,72.01082129898987,72.56359985797398,4729500
2016-02-09,73.41517639160156,73.79614807715821,72.04069880324208,72.22744884725782,4994200
2016-02-10,72.92215728759766,73.75132791677201,72.84745271266317,73.36288464408477,4505500
2016-02-11,72.38430786132812,73.16118861736702,71.77923392971464,72.00333623018751,5898500
2016-02-12,73.57205200195312,73.64675088608072,71.82407417689726,72.01082423679603,5110600
2016-02-16,73.65420532226562,74.17710878763751,73.28070528949637,74.10240422175708,4709700
2016-02-17,74.3638687133789,74.6178460339098,73.8036185895689,73.9530163429213,4493200
2016-02-18,74.41617584228516,74.67762482117128,73.93062448197647,74.37882354566129,3729100
2016-02-19,74.38627624511719,74.84194679218432,73.54963402609125,73.54963402609125,4531300
2016-02-22,74.60289001464844,75.11831612514736,74.38625933666465,74.68506046833737,4731500
2016-02-23,74.35639190673828,74.70001127470289,74.23686915310263,74.61784080636802,3721100
2016-02-24,74.46096801757812,74.51325779508203,73.50480882941633,73.95300773647239,5691200
2016-02-25,75.20050811767578,75.22291721161704,74.57303069068355,74.57303069068355,4668900
2016-02-26,73.47492980957031,75.10339024484583,73.0864865685917,75.06603796042765,6506200
2016-02-29,73.07156372070312,73.96796173482791,73.04915462522393,73.47494453680716,5955300
2016-03-01,74.02022552490234,74.05757780368764,73.24335055841797,73.5794982708553,5160200
2016-03-02,73.97735595703125,73.99992516615355,73.38300857732959,73.76670235204944,4180000
2016-03-03,74.60179138183594,74.65445477874205,73.74412132669687,73.99239408634556,4856600
2016-03-04,75.23375701904297,75.23375701904297,74.15791406407544,74.33847347375472,7067200
2016-03-07,74.66952514648438,74.93284222320595,74.45887148510711,74.66952514648438,5967100
2016-03-08,75.03815460205078,75.32404657875772,74.29334194566087,74.45885714483212,4871200
2016-03-09,75.38423156738281,75.67012355296312,75.03815693104741,75.2337663306738,5085000
2016-03-10,75.82058715820312,75.89581977493881,75.24880893922659,75.5723143570827,5502800
2016-03-11,76.21930694580078,76.29454528440505,75.67762305117445,75.98608416778976,5912400
2016-03-14,75.7228012084961,76.32466800846575,75.70023199273099,76.0839201405015,3580500
2016-03-15,76.09894561767578,76.41492601644934,75.42184066324668,75.43688488895395,3860300
2016-03-16,75.85822296142578,76.24191111283021,75.24130618518193,75.94098057993622,4176600
2016-03-17,76.6406478881836,76.82873232379228,75.82812174878254,75.98611198590805,5635800
2016-03-18,76.20428466796875,76.69330531033205,75.99363103492142,76.49017092140711,7273900
2016-03-21,76.39234924316406,76.82870636390571,75.4744965891487,75.91837869193887,4420300
2016-03-22,75.81306457519531,76.36979858440606,75.55727252221816,76.19675839454197,3457600
2016-03-23,75.84314727783203,76.55787140084809,75.63249368027111,75.7528704445231,3407900
2016-03-24,75.74535369873047,75.92591312486337,75.34661566857501,75.76039792595793,3183100
2016-03-28,75.97105407714844,76.44502470318115,75.850677304891,75.95600411067605,3785500
2016-03-29,76.26445770263672,76.46758631077603,75.80553134882138,76.02370992193686,3356700
2016-03-30,77.25757598876953,77.40804126347005,76.29458445496871,76.33219790370269,4673600
2016-03-31,77.09955596923828,77.82931858373023,76.96413497832512,77.14469438624931,5367700
2016-04-01,78.07759857177734,78.16035617053146,76.70081932691953,76.71586929390061,4128600
2016-04-04,78.10768127441406,78.20548308587975,77.31772458066588,78.09263704952694,4220400
2016-04-05,77.56599426269531,78.19043575850944,77.39295985390027,78.0700590046698,3589200
2016-04-06,78.18292236328125,78.23558576592102,77.3929713236847,77.6788575466034,4196800
2016-04-07,77.94215393066406,78.22052083658703,77.51332183984584,77.74654459839714,6220900
2016-04-08,79.05564880371094,79.18354483822968,78.1678900666657,78.2355977061587,6154500
2016-04-11,78.46883392333984,79.57476565497677,78.36350709175538,79.1158448830055,5354000
2016-04-12,78.927734375,79.08572457021184,78.33338702736694,78.37100046058123,3777200
2016-04-13,78.33341217041016,79.25878443079769,78.06257010886216,79.25125944578754,3802400
2016-04-14,77.61114501953125,78.31081343621308,77.27258967545806,77.28763964090845,5593300
2016-04-15,78.07006072998047,78.10015491910544,77.49828835624494,77.67132276886396,4553500
2016-04-18,78.03245544433594,78.68698547152198,77.86694025681018,78.36348581938744,7736900
2016-04-19,78.4838638305664,78.70204243899788,78.06255658111574,78.10017001988481,4996200
2016-04-20,77.0694808959961,78.50644301281118,77.03186171256827,78.41616615639481,4778000
2016-04-21,75.97857666015625,76.99423132622988,75.54974443493046,76.99423132622988,7145600
2016-04-22,76.72338104248047,76.78356368038135,75.9409493509727,76.11398376224214,5660200
2016-04-25,77.34030151367188,77.36287072152194,76.4450180030865,76.58796397264348,3501300
2016-04-26,77.1898422241211,77.79171464383245,76.8813867704326,77.64124366896422,3222900
2016-04-27,77.21240997314453,77.76161897622137,76.67073169351947,77.28012334552308,3730900
2016-04-28,77.46821594238281,77.60363696157037,76.85882422597942,76.86634347046446,4350200
2016-04-29,77.46067810058594,77.61866830676696,77.03937088410319,77.43810889111441,4604000
2016-05-02,77.81427764892578,78.1453080273534,77.21993026033088,77.29516287182435,3998100
2016-05-03,77.91206359863281,78.19043051832165,77.49075646818847,77.79921757432034,3945400
2016-05-04,78.25816345214844,78.5741496420934,77.58858337182585,77.87447536559124,3852600
2016-05-05,78.40111541748047,78.90518032712895,77.9421889355971,78.14532334030297,3401400
2016-05-06,78.96539306640625,78.97291805331395,78.00240137801693,78.00240137801693,3547700
2016-05-09,79.20610809326172,79.54466348490337,78.9277468319991,78.93526607590074,4432300
2016-05-10,80.17664337158203,80.22178180521544,79.24374605723774,79.31897869325415,3885500
2016-05-11,79.53713989257812,80.45499277414977,79.46942651711285,79.94340292572694,3424900
2016-05-12,79.82300567626953,80.0487092167762,79.43179271125469,79.84557488234431,3195200
2016-05-13,78.37854766845703,79.82303478275159,77.89705196369218,79.55971771606481,7811500
2016-05-16,78.3409194946289,78.73213829728174,77.96475065970628,78.22807343605685,4243200
2016-05-17,77.01679229736328,78.52898654664001,76.74595033692096,78.37099635969527,5443300
2016-05-18,75.91836547851562,76.73841044281183,75.4368642891666,76.70079127899629,6970100
2016-05-19,76.23436737060547,76.31712496252295,75.45946059163285,75.79801020229151,4722400
2016-05-20,75.3089828491211,76.58043506505435,75.23375024685018,76.52024668728575,5704000
2016-05-23,75.54973602294922,75.81305301966732,75.2337556268875,75.32403819999658,4185900
2016-05-24,76.0538101196289,76.2719887264449,75.75287965218135,75.91839485320595,3446300
2016-05-25,76.0538101196289,76.43750392746949,75.95600829169652,76.11399850907071,3223800
2016-05-26,76.6632308959961,76.7083693319018,75.99365064394294,76.13659093760522,4543100
2016-05-27,76.70833587646484,77.02431626975874,76.43749389939008,76.83623188233905,2877000
2016-05-31,76.11397552490234,77.01678387426583,75.85065857545929,76.84374374184381,6368700
2016-06-01,76.98794555664062,77.01068400691346,76.02531453658268,76.2223849608955,4741400
2016-06-02,77.31390380859375,77.32148522230358,76.68477947793572,76.80605896559598,3618200
2016-06-03,77.71561431884766,77.94301041503873,77.25324649740264,77.25324649740264,4511700
2016-06-06,77.84445190429688,78.1173248452002,77.48820658198797,77.72317825440742,2944200
2016-06-07,77.68528747558594,78.20829498009141,77.52611253571958,77.93542200234268,4078700
2016-06-08,78.20830535888672,78.33716045355627,77.442744637334,77.58676255662537,2860800
2016-06-09,78.5721435546875,78.69341724566313,77.72320458616367,77.99607761951334,3552200
2016-06-10,78.30681610107422,78.44325256539165,77.90508811806217,78.26133920727554,3462400
2016-06-13,78.11734008789062,78.59487071911072,78.05670614257549,78.25377658496454,4368300
2016-06-14,78.24617004394531,78.29164693069612,77.11677723765614,77.76863960137993,4363600
2016-06-15,77.9657211303711,78.50388553144386,77.88234297695917,78.27648951615299,3434400
2016-06-16,78.71614074707031,78.77678047249981,77.70045136927757,77.70045136927757,3520900
2016-06-17,78.38262939453125,78.72371771068669,77.61706880727401,78.51906009465567,5577900
2016-06-20,78.352294921875,79.3452456070898,78.33713210274071,78.88287793315288,3567000
2016-06-21,78.89049530029297,79.14062988372781,78.64794212988082,78.68583762914675,3214500
2016-06-22,78.63274383544922,79.20122811432911,78.54936567857982,78.89045971566043,3398900
2016-06-23,79.1633529663086,79.20882986976557,78.76162489797836,79.17851000648672,3068100
2016-06-24,77.29869842529297,78.41292266103821,77.16226197845795,77.68526353889165,8654800
2016-06-27,77.41240692138672,77.57158184567442,76.78328863479872,77.13953397034442,6381900
2016-06-28,77.41999053955078,77.5715840575983,76.93488434229225,77.43515336110875,5195100
2016-06-29,78.16281127929688,78.32198620531777,77.66254226929814,77.93541522331165,4898700
2016-06-30,80.30034637451172,80.34582329187697,78.47361308801534,78.64036949558714,7973200
2016-07-01,80.06534576416016,80.64899302268047,79.87585095244471,80.52013793861542,4115700
2016-07-05,80.66414642333984,81.08861871481653,80.06534215138802,80.0956620138451,5365200
2016-07-06,80.28514862060547,80.89911565256645,80.0653339774246,80.7929932533396,6126500
2016-07-07,81.47516632080078,82.61971630348907,81.15681650826642,82.26346522535343,9912800
2016-07-08,82.06641387939453,82.24075165780962,81.34633587850915,81.89208188390239,6052800
2016-07-11,82.5515365600586,82.71828716500976,81.68743475171397,81.98305202844358,6446600
2016-07-12,82.4605484008789,82.7031014857328,82.14219856130599,82.18009404720465,4175800
2016-07-13,83.30947875976562,83.42317098901599,82.5363369033365,82.67277336135805,5232100
2016-07-14,83.34735870361328,84.09018056611932,83.19576523759329,83.24882352899229,4834300
2016-07-15,83.11998748779297,83.74910572008399,82.59698007961383,83.20335986510078,5230600
2016-07-18,82.7789077758789,83.15031596483038,82.49845338989869,83.1200018857882,3688700
2016-07-19,83.02147674560547,83.04421520069128,82.39993391392491,82.51363197227744,3987500
2016-07-20,82.55911254882812,83.30951629752552,82.37719911713954,83.27161501541703,3021800
2016-07-21,82.3013916015625,82.52120628668992,81.94514041473265,82.39992682609976,2765400
2016-07-22,82.76375579833984,82.93051215788276,82.45298153138756,82.45298153138756,2693100
2016-07-25,82.6348648071289,82.83194095864737,82.14975872871474,82.8016211058814,3053100
2016-07-26,82.01334381103516,82.79406721312533,81.88448874014612,82.61972945968796,3386100
2016-07-27,81.46760559082031,81.89207208514887,80.86880133893696,81.89207208514887,4724200
2016-07-28,81.96028137207031,82.149776154864,81.23262210009321,81.52065787100958,3446500
2016-07-29,82.55911254882812,82.70313048133194,81.95273251555828,82.05884916595359,3995300
2016-08-01,82.5666732788086,82.6879469419139,82.11946255023467,82.40749834308907,3880700
2016-08-02,82.40750122070312,82.80922927958362,82.07398851540347,82.80922927958362,3431600
2016-08-03,81.89207458496094,82.60457689326685,81.61920160658515,82.56667561957815,3691900
2016-08-04,82.18009185791016,82.27863284104927,81.84658498944681,81.99059708469993,3226900
2016-08-05,82.3620376586914,82.89262088222387,82.1422229566784,82.42267161072124,3189400
2016-08-08,81.96782684326172,82.33165921118648,81.61157588254271,82.18005998166812,3304200
2016-08-09,82.0739974975586,82.43024869303989,81.907241126659,82.05125904387648,2378200
2016-08-10,82.48330688476562,82.58942352373306,82.20285246296706,82.20285246296706,2189900
2016-08-11,82.2255630493164,82.75614602701631,82.20281882205435,82.62729098713501,2786800
2016-08-12,82.30897521972656,82.57427261978705,82.14222461961442,82.3468765005705,2563400
2016-08-15,82.40750122070312,82.61215306436814,82.34686149557183,82.3999198093311,2357800
2016-08-16,81.86175537109375,82.38476288094427,81.79354001742064,82.0512501751935,2677200
2016-08-17,82.2179946899414,82.26347158584218,81.55855078477195,81.82384231572921,2963900
2016-08-18,82.0739974975586,82.48330701260583,82.0133577657909,82.17253850741187,2373000
2016-08-19,81.9906005859375,82.05882171432562,81.51307581890778,81.8920653815122,2846600
2016-08-22,81.83143615722656,82.02093096282859,81.68741825443381,81.92239574576764,2304600
2016-08-23,81.77078247070312,82.27863285803173,81.63434600264674,82.05123681696391,2473000
2016-08-24,81.94512176513672,82.08155823578807,81.52065531551993,81.72530713003611,3422600
2016-08-25,81.77078247070312,82.14977201720181,81.70256712813571,81.92995738628198,2129500
2016-08-26,81.44486999511719,82.24075053931195,81.35391618407063,81.80112117617726,2868900
2016-08-29,81.85416412353516,81.86932694447765,81.40695921540184,81.48275597134896,2576400
2016-08-30,81.26294708251953,81.90722822805242,81.12651059898955,81.80111160563158,3708100
2016-08-31,81.48660278320312,81.58583495699402,81.11256754864007,81.17363036583578,3995000
2016-09-01,81.89881896972656,81.93698250789886,81.13547832035694,81.2652448330313,3799000
2016-09-02,82.34154510498047,82.63161240993449,82.05910701217513,82.12017565232105,3671200
2016-09-06,82.37969970703125,82.53237129084607,81.98276523676361,82.2804675454207,2913300
2016-09-07,81.83773803710938,82.41787847422911,81.5095013741921,82.25757766078013,3260500
2016-09-08,81.58583068847656,81.93696662024176,81.28812835885334,81.75376653058727,3491400
2016-09-09,79.42557525634766,81.05912333502009,79.42557525634766,80.92935103387619,6134500
2016-09-12,80.9293441772461,81.08201574688479,79.61640362130264,79.61640362130264,4569400
2016-09-13,79.8377685546875,80.87591195047368,79.60876993209716,80.8682827397315,4597700
2016-09-14,80.18892669677734,80.63929482353664,79.84541995673902,80.01335580869205,4007800
2016-09-15,80.51715850830078,80.70035859764279,79.92174802624406,80.11258315125785,3598600
2016-09-16,80.36448669433594,80.53242253570119,79.83015067528815,80.15075228671682,4934100
2016-09-19,80.66220092773438,81.00570769681465,80.0896954697606,80.311064945703,3439300
2016-09-20,81.14309692382812,81.45606349829536,80.88355812721612,80.99042533057818,3561700
2016-09-21,81.77666473388672,81.95987064494767,80.82248911979094,81.14309655223471,3913900
2016-09-22,82.30338287353516,82.39498584168366,81.91407753868722,82.05147907899669,3869400
2016-09-23,81.93700408935547,82.43317680689847,81.70800532852459,82.19654300689135,3235900
2016-09-26,81.70032501220703,81.96749299703,81.57819357221308,81.86062580310082,4440400
2016-09-27,82.05146026611328,82.3415333534952,81.47132573899992,81.95986314279287,3779300
2016-09-28,81.96754455566406,82.37212012867951,81.5706098462251,82.37212012867951,5030500
2016-09-29,82.25757598876953,83.74608767184392,82.21940663327491,83.58578686165329,7249100
2016-09-30,83.02851867675781,83.38728953577794,82.72318722755473,82.72318722755473,7173300
2016-10-03,82.63162231445312,83.0743612728402,82.03621756122824,83.02855687532745,4566000
2016-10-04,81.75377655029297,82.72322236717389,81.3568420034225,82.67741797127711,5830100
2016-10-05,80.9217300415039,82.05147074816469,80.67746130840217,81.8606356184344,6297000
2016-10-06,81.21944427490234,81.31867646032015,80.50190221838744,80.70800745002876,4886000
2016-10-07,80.90647888183594,81.61638596332787,80.64694584017283,81.49425448014152,4398400
2016-10-10,81.08201599121094,81.38735330758352,80.77667867483835,81.25758101704336,3119300
2016-10-11,80.58586883544922,81.07440636522156,80.15076491600114,81.00570850501612,3814400
2016-10-12,80.97516632080078,81.0362349620508,80.5324274074774,80.81486550538911,3419800
2016-10-13,80.85304260253906,81.04387777059104,80.37214007562588,80.7996089884376,3582600
2016-10-14,81.54765319824219,81.72321822215835,80.74614347949058,80.96751288584888,4788600
2016-10-17,81.56293487548828,81.73087072474412,81.34156542181704,81.54767062729506,4104400
2016-10-18,81.63925170898438,82.57816294343904,81.63162249830117,82.02092190084278,3850000
2016-10-19,81.11256408691406,81.68506946845163,80.975162562392,81.53239787241273,4330600
2016-10-20,80.81484985351562,81.1583507023234,80.59348043972781,80.9980499179581,3751600
2016-10-21,80.6240234375,80.92172575821542,80.35684961095865,80.92172575821542,3615400
2016-10-24,81.9140625,82.36443639759565,81.00569131722573,81.00569131722573,5126000
2016-10-25,81.85298919677734,82.15832068108897,81.53238182013054,81.97512062573703,3756300
2016-10-26,81.73087310791016,82.40261070069442,81.63927014460155,82.05147474375086,3440700
2016-10-27,81.39500427246094,82.08964699845963,81.14310630616745,81.89117681619908,4205300
2016-10-28,81.73087310791016,82.08200906485372,81.31103347252858,81.60110661109267,3378900
2016-10-31,81.83009338378906,82.00566424864223,81.61635899097679,81.70032690584239,3141700
2016-11-01,81.45608520507812,81.90645924540091,81.0057169885827,81.78432193825326,4289600
2016-11-02,81.45608520507812,82.01332647724142,81.37975230002452,81.43318591594478,3679200
2016-11-03,81.39500427246094,81.78430960048027,81.31103634242095,81.73087599262088,3447700
2016-11-04,80.76907348632812,81.65455144862973,80.76907348632812,81.34157898214576,2897600
2016-11-07,81.64689636230469,81.83009644530853,81.20415748987192,81.4178977145063,5469100
2016-11-08,82.99038696289062,83.15068778230341,81.65454097729103,81.65454097729103,4671000
2016-11-09,81.86827850341797,81.9446113978633,80.15076217117843,81.25760370020218,6515800
2016-11-10,78.81488800048828,81.59344629798937,78.16604989357846,81.59344629798937,9095200
2016-11-11,78.76909637451172,79.21182937273186,78.29582323813678,78.62405983740126,5888400
2016-11-14,77.39510345458984,78.88361530441581,76.67756142245496,78.51721507545555,7248800
2016-11-15,77.74623107910156,77.89890267795066,76.95999127246323,77.4027301733866,5672300
2016-11-16,77.6393814086914,78.54775869958964,77.456181272518,78.13555402532894,3962900
2016-11-17,77.5706558227539,77.8072894900796,77.23478417326565,77.71568654281228,4212600
2016-11-18,77.33403778076172,77.70807888464402,77.23480559490163,77.40274146622399,4919200
2016-11-21,78.0592041015625,78.10500266966369,77.33402710494585,77.33402710494585,3870800
2016-11-22,78.54010009765625,78.62406801484028,78.1965992174129,78.26529706393134,4540300
2016-11-23,77.5019760131836,78.54011977314269,77.44854240011924,78.25768163332997,4658400
2016-11-25,77.99051666259766,78.55539296463685,77.66227993394195,77.86075014341051,3644900
2016-11-28,78.4637680053711,78.81490392448065,77.78439544955523,78.06682769762942,5556900
2016-11-29,78.2729263305664,78.66223157028924,78.08972626286013,78.46376143304278,3886800
2016-11-30,76.97567749023438,78.37523504944186,76.97567749023438,78.05995310271244,8123500
2016-12-01,76.15283966064453,76.93721028339898,75.74527717899609,76.81416945359057,7123000
2016-12-02,77.36016082763672,77.39092103941987,76.43737794178439,76.43737794178439,4594600
2016-12-05,77.44474792480469,77.59854897971177,76.9910480133771,77.37554185027926,3961800
2016-12-06,78.09071350097656,78.13685089160288,77.5216583043325,77.72928829597356,4828400
2016-12-07,79.05961608886719,79.15189671623494,77.79079119729296,77.79079119729296,4873400
2016-12-08,78.55207061767578,78.90580414707185,78.4367213246989,78.54437910030165,3993900
2016-12-09,79.64404296875,80.01315958647143,78.46749291680919,78.61360243358158,5040200
2016-12-12,80.52837371826172,80.64372301919256,79.72093447865491,79.83628377958576,4858400
2016-12-13,81.22815704345703,81.52037608256504,80.49762117950647,80.59758745414833,4508600
2016-12-14,80.33612823486328,81.92024066998304,80.13618983423646,81.42039760187062,5007500
2016-12-15,80.97441101074219,81.18203511818342,80.15159436725665,80.15159436725665,4179400
2016-12-16,81.41271209716797,81.4511579536093,80.84365709950733,81.16663632168824,7499300
2016-12-19,81.0589828491211,81.4127164285108,80.84366140057513,81.09742870760783,3683800
2016-12-20,80.66681671142578,80.77447452782434,80.25925413978679,80.65912519113704,4903400
2016-12-21,80.51300048828125,81.27430244699977,80.50531483634985,80.6052811136468,3245200
2016-12-22,81.01282501220703,81.08972258223831,80.1669400080458,80.3976385850482,2605000
2016-12-23,80.81291198730469,80.93595283147901,80.45917836066903,80.7206372210843,1769300
2016-12-27,80.84366607666016,80.98977560132579,80.73600827961492,80.81290586794582,1505000
2016-12-28,80.45148468017578,80.82059544204603,80.37458122678551,80.6437315798319,1878600
2016-12-29,80.73600769042969,80.82059679704935,80.34382823273116,80.35920540352116,2438100
2016-12-30,80.45918273925781,80.85905963767533,80.2284899442422,80.52070316469292,3484000
2017-01-03,80.47454071044922,80.81289121112138,80.1361843428682,80.69754778299954,3741200
2017-01-04,80.62837219238281,81.22818175654103,80.58223480034341,80.82831066940605,3029700
2017-01-05,80.52068328857422,80.83597099091898,80.1208123557735,80.3745737809599,5087200
2017-01-06,80.40535736083984,80.8667547049324,80.06700673992583,80.72833667508682,4109700
2017-01-09,79.55945587158203,80.17464829432205,79.39796918066747,80.09775070820699,5603500
2017-01-10,78.41365814208984,79.45179011791433,78.24447994943964,79.45179011791433,5399200
2017-01-11,78.29061889648438,78.71356438660966,77.98302857665792,78.31368758378042,4650300
2017-01-12,78.3136978149414,78.83660964063431,78.11376525431622,78.21373153462882,3126000
2017-01-13,78.09071350097656,78.52134479191903,77.83694611870918,78.34447501633262,3478600
2017-01-17,78.5828628540039,78.68282915298309,77.7139029106736,77.7215944311831,3745800
2017-01-18,79.00580596923828,79.2057444426053,78.68283249704562,78.74435292991414,4340400
2017-01-19,78.71357727050781,79.20572890307703,78.56746773783843,78.6520568497091,3923100
2017-01-20,79.3902816772461,79.45180209601351,78.77509509030199,79.04423958877192,4750800
2017-01-23,79.98239135742188,80.14387802806911,79.07498587456428,79.12881476478002,4584800
2017-01-24,80.52068328857422,80.68986148330465,79.80552465342873,79.97470284815917,4992300
2017-01-25,80.44379425048828,80.88980847178686,80.38996535253224,80.5206918380098,3566100
2017-01-26,80.08235931396484,80.53606499844453,80.02853042261056,80.36688680649986,3634600
2017-01-27,79.5748291015625,80.28998771141971,79.53637737978917,80.26691315821029,4248200
2017-01-30,79.73634338378906,79.75941207807772,79.20573994750588,79.21343146790578,3462600
2017-01-31,79.80551147460938,80.10541609141198,79.36718889105879,79.36718889105879,3846600
2017-02-01,79.21342468261719,79.80554263064658,79.19035599030457,79.67481612960135,3515600
2017-02-02,79.99778747558594,80.27462350995987,79.42873823466637,79.79016338326069,3213700
2017-02-03,80.82831573486328,81.3358446798377,80.02087612210305,80.31309526842978,4287100
2017-02-06,80.41303253173828,80.92825281205613,80.38227232392546,80.82059501816613,4355200
2017-02-07,81.21278381347656,81.43579092949133,80.45917335705045,80.45917335705045,3980400
2017-02-08,81.27429962158203,81.68955362092628,80.93594320724752,81.12819010322673,3407100
2017-02-09,81.48960876464844,81.88947969523528,80.75906709753069,81.27429319687789,4012400
2017-02-10,81.58958435058594,81.78183125332856,81.19739902625622,81.38196027706425,2475500
2017-02-13,81.91255950927734,82.04329186481897,81.42040789697356,81.89718233816598,3463700
2017-02-14,82.22016906738281,82.28168949562509,81.25893437701336,81.64342825316115,5665000
2017-02-15,82.07405090332031,82.47392188252249,80.56683001186389,81.01284423756202,7617200
2017-02-16,83.1429443359375,83.1890817161422,81.75876426069654,82.3970253991082,5559900
2017-02-17,83.16602325439453,83.28137258600277,82.44317291876627,82.50469334454542,5498400
2017-02-21,84.09648132324219,84.20413911394378,83.01220603086385,83.10448665156932,5370700
2017-02-22,84.13493347167969,84.41945511986054,83.95037222934067,84.10417326462318,3815300
2017-02-23,84.23489379882812,84.58862735464572,83.91192044789587,83.91192044789587,3382700
2017-02-24,84.45790100097656,84.52710706188248,84.07340723974139,84.20413371050314,3991800
2017-02-27,84.0272445678711,84.4963273174569,83.99649023696422,84.35022371147177,3475100
2017-02-28,84.88085174560547,85.05002996143276,83.85810266549409,83.85810266549409,4684700
2017-03-01,84.96058654785156,85.41740267283808,84.52699165323955,84.85992774205616,4750700
2017-03-02,85.25482177734375,85.4174176761802,84.72831823992709,85.02253854631572,3880800
2017-03-03,85.60324096679688,85.68841109127548,84.89865873644695,85.24707767679907,4111300
2017-03-06,84.88314056396484,85.3167353854504,84.72828906806666,85.01477083340481,4491000
2017-03-07,84.64312744140625,84.99154629563819,84.3953614788575,84.51924741373513,4361100
2017-03-08,84.6276626586914,84.65088979962118,83.98501752599795,84.52700383838534,5244500
2017-03-09,84.41087341308594,84.86769557167379,84.32570918745961,84.85995122126829,4066900
2017-03-10,84.8521957397461,84.94511021079774,84.6121740735391,84.84445729756429,3488900
2017-03-13,84.71282196044922,85.014786568384,84.41859579369748,84.6431346393528,3131200
2017-03-14,84.65862274169922,84.96059327579125,84.48828841687785,84.6121684628577,3630000
2017-03-15,86.0290756225586,86.12199007943835,84.78250138532115,84.82895566015759,4973400
2017-03-16,86.05232238769531,86.09877667312753,85.58001746177364,86.01360654502965,4580700
2017-03-17,86.24589538574219,86.34654831311586,85.88973205748695,86.31558272562289,6444400
2017-03-20,86.06006622314453,86.28460511340487,85.79681149045,86.06006622314453,3382100
2017-03-21,86.54010772705078,86.95821400607016,86.3078303990676,86.36202903298448,5587700
2017-03-22,86.7336654663086,87.01240295462857,86.38524655951234,86.95820432674454,3882200
2017-03-23,86.5478515625,86.97370218875062,86.46268143724988,86.67947597162909,3208400
2017-03-24,86.81111145019531,86.91176437365442,86.55560105925099,86.70271417655985,3913200
2017-03-27,86.5865707397461,86.94273404669195,86.3852589898347,86.61754223259464,3514600
2017-03-28,87.0666275024414,87.30665513213377,86.43947092061927,86.57109535506432,3945400
2017-03-29,87.05111694335938,87.1362870578267,86.69495369522653,86.76463511222312,2683700
2017-03-30,86.8575668334961,87.14404872155455,86.71819806460392,86.94273696488622,2104900
2017-03-31,86.60978698730469,87.08209185621585,86.58655984739225,86.9582059004062,3744400
2017-04-03,86.60978698730469,86.9969217383986,86.30007800498807,86.679468407042,3587100
2017-04-04,86.78014373779297,86.8885410161514,86.43171885117631,86.71045639758619,2360700
2017-04-05,86.6717300415039,87.17500049260299,86.47816266578657,86.74915581034934,2992000
2017-04-06,86.39299011230469,86.93497638615058,86.26910415987858,86.81109634093181,2740600
2017-04-07,86.41620635986328,86.68719946263082,86.2845819824057,86.48588776891496,2799600
2017-04-10,86.7336654663086,86.83432428038422,86.26136651315203,86.48589946638056,2873200
2017-04-11,86.50914764404297,86.78014083086143,86.21492140646143,86.49365894353424,3031500
2017-04-12,87.96475219726562,88.08863223682813,86.64075215400287,86.75689375229757,6260300
2017-04-13,87.24468231201172,87.78666856692267,87.22145517354512,87.68601566449838,3257300
2017-04-17,87.740234375,87.740234375,87.24470228358776,87.291156571155,2917700
2017-04-18,88.48355102539062,88.73906147488749,87.80219573394203,87.83316723453648,4574200
2017-04-19,87.97251892089844,88.64612972936295,87.86412164350854,88.59193109066801,3044700
2017-04-20,87.94927978515625,88.2435060096099,87.79442823022876,87.89508115021081,2973000
2017-04-21,87.82538604736328,88.11186787730003,87.70150009694505,87.91830051017696,3885300
2017-04-24,88.5145034790039,88.6383894547233,88.19705600383776,88.54547497293375,3221500
2017-04-25,88.3906021118164,88.70804951049014,88.26671616594868,88.4293120394948,3643600
2017-04-26,87.74795532226562,88.08089141118737,86.20715491386596,86.52460821346416,5343900
2017-04-27,87.21373748779297,87.833155603236,87.11308455459728,87.56990083664958,4096200
2017-04-28,87.7092514038086,87.82539301473764,86.86530045165912,86.98143615538045,4872000
2017-05-01,86.93497467041016,87.57761974472092,86.92723032173453,87.43825100459578,4074300
2017-05-02,86.9427261352539,87.40728667129241,86.77238589369132,87.29888940979035,3082400
2017-05-03,86.55558013916016,87.26790659580094,86.48589281883282,87.02014061491688,3342600
2017-05-04,87.46148681640625,87.49245830697276,86.57107566104416,86.84981316893504,3488800
2017-05-05,87.66278839111328,87.70924266797498,87.29113645459839,87.52341965332108,3046100
2017-05-08,87.66278839111328,87.82538426733632,87.32210794157523,87.6472996940213,3097200
2017-05-09,87.2756576538086,87.80990549096532,87.14403325854624,87.67827518849558,2708200
2017-05-10,87.36856842041016,87.39180146769736,87.08983683224676,87.26017116190008,2160100
2017-05-11,87.52342987060547,87.56213980344008,87.12855074956244,87.21372087188952,2277200
2017-05-12,87.42279052734375,87.72475522348404,87.27567740099535,87.43827332143944,2383500
2017-05-15,88.22026824951172,88.26672252895742,87.31436844986844,87.41502726494406,3500300
2017-05-16,88.10411834716797,88.77773487173523,87.94926091825238,88.31316849219539,2444300
2017-05-17,88.06543731689453,88.4912880307014,87.74024544846523,88.10415316622579,2999300
2017-05-18,88.28996276855469,88.48353017124194,87.71700491061875,88.09639536586744,3439500
2017-05-19,88.0267105102539,88.65386698024425,87.84862590754125,88.39835660091185,5750100
2017-05-22,88.8087158203125,89.04099905028336,88.02670782097363,88.02670782097363,3324000
2017-05-23,89.0797119140625,89.38167655860852,88.81645720174602,88.81645720174602,3261300
2017-05-24,89.86170959472656,90.07076565221071,89.13390033577063,89.28100751292598,2816000
2017-05-25,90.99990844726562,91.11605007292464,89.93141848706122,90.09401440010048,3596200
2017-05-26,91.29412841796875,91.3638098442545,90.74439182141023,90.78310766304102,3104800
2017-05-30,91.37155151367188,91.45672163699473,90.97667238801208,91.16249542653108,3231600
2017-05-31,91.1103744506836,91.94453266550748,91.1103744506836,91.1415586579773,5232900
2017-06-01,91.39105224609375,91.41443892124117,90.47893028087687,91.05582935749156,4404900
2017-06-02,91.73405456542969,91.75744123747641,91.24291660910764,91.57034191332234,3162900
2017-06-05,91.89777374267578,91.96793971157831,91.25072062824515,91.51577752730192,2968800
2017-06-06,91.75743865966797,91.94454392634583,91.57033934077022,91.81980708189393,2643200
2017-06-07,91.25071716308594,91.65610003677305,91.07140942517134,91.34426385436271,3681100
2017-06-08,90.34639739990234,91.27410845387054,90.1125187643165,91.2507217798681,3956700
2017-06-09,90.3853759765625,90.5334935559627,89.93321380248055,90.16709242984172,3197700
2017-06-12,90.61145782470703,90.91549647416203,90.38537673576705,90.38537673576705,3492100
2017-06-13,90.6816177368164,90.89210374473429,90.0189695515572,90.0189695515572,2760000
2017-06-14,91.50017547607422,92.0380867387413,91.07919756543485,91.14156598503621,3597200
2017-06-15,91.37545013427734,91.5859420899723,90.82974126355076,91.21173747305937,3372700
2017-06-16,91.10256958007812,91.52354742299437,90.66600260865933,91.50016075635106,5156200
2017-06-19,91.43782043457031,91.43782043457031,90.61145957117853,91.22732847456402,2436600
2017-06-20,91.95233917236328,92.10046269409114,91.35205944097937,91.43781453800284,3703500
2017-06-21,91.5391616821289,92.1784231862537,91.39883569596587,91.81981365445496,3767100
2017-06-22,90.5490951538086,91.53137713253172,90.47113758833746,91.46900870104241,3288100
2017-06-23,91.18054962158203,91.50018333867015,90.50230638264063,90.59585902008162,3453400
2017-06-26,91.3052749633789,91.858781282635,91.2584956766643,91.53914760583352,2704000
2017-06-27,90.3853759765625,91.50797792366662,90.3853759765625,91.39883615030622,2884300
2017-06-28,90.7283935546875,91.1103957223877,90.58806756299332,90.83753533180733,3110600
2017-06-29,89.79286193847656,90.58803833633992,89.56678091658921,90.48669413250582,3474400
2017-06-30,90.03455352783203,90.51789989121485,89.8864359558475,90.06573773977095,3313300
2017-07-03,89.99557495117188,90.43214200930649,89.91761144983633,90.0813300444169,2250800
2017-07-05,89.88642120361328,90.08131803540968,89.55899000588306,90.04233628993869,4023100
2017-07-06,89.75389862060547,89.97997968890282,89.53561509198182,89.62916772472627,4007000
2017-07-07,90.05016326904297,90.16710259590809,89.52004347533142,89.97220570039329,3972500
2017-07-10,89.08345031738281,90.43213914755485,89.0288794368429,90.36977072757212,5771200
2017-07-11,88.67029571533203,88.85740102966174,87.50871180749778,88.35845947256414,6368500
2017-07-12,89.47325897216797,89.63697758892606,89.09126274455451,89.25497541353171,3885200
2017-07-13,88.88856506347656,89.6837476525578,88.81060750221661,89.61358168397737,3089400
2017-07-14,89.5979995727539,89.74612311420293,89.0678797877471,89.0756773288184,2956400
2017-07-17,89.5979995727539,89.77730733070699,89.52783359867448,89.6057971138252,2481300
2017-07-18,89.66034698486328,89.76948874314861,89.17700066404271,89.53561014809162,2694800
2017-07-19,89.91761779785156,89.92541533809163,89.36411139641721,89.66035844773454,2578200
2017-07-20,90.05016326904297,90.47893287050681,89.73832704666302,89.91762885977916,3518100
2017-07-21,90.92327880859375,90.95446301918058,89.94879453193043,90.2606306900187,3476400
2017-07-24,90.53348541259766,90.95446333531302,90.50230120190244,90.82193490069338,3681300
2017-07-25,90.78297424316406,91.04023958033835,90.5413039888508,90.92330025000628,3075100
2017-07-26,91.35987091064453,91.53917272428238,90.54909910921005,90.66603843641545,3305600
2017-07-27,91.47679138183594,92.03809531499158,90.9154933964607,91.46899978949463,2954800
2017-07-28,90.90768432617188,91.57812994487479,90.58805064730622,91.45339310986975,3276300
2017-07-31,90.90768432617188,91.1025811700325,90.57246151682041,90.84531590866935,3098600
2017-08-01,90.3697738647461,91.04021953338513,90.35418473309919,90.97005951930389,2946100
2017-08-02,90.12811279296875,90.41656231378526,89.76170571046094,90.22166543566671,2626400
2017-08-03,90.666015625,90.9466675605689,90.18266930312473,90.22165105164588,2986200
2017-08-04,90.72058868408203,90.81413536633288,90.33079498062375,90.68160693462424,2955200
2017-08-07,91.18054962158203,91.383244028814,90.72838746228776,90.78295834718325,2569600
2017-08-08,90.98564910888672,91.17274842849181,90.7205922350945,91.05581507110121,2412600
2017-08-09,90.92327880859375,90.9778496901757,90.40095666376942,90.81413704542986,2513800
2017-08-10,90.7283935546875,91.08700310062135,90.49452086705104,90.70500688070193,2236000
2017-08-11,90.82974243164062,91.40663552351063,90.70500557513863,91.01684176861293,2759700
2017-08-14,91.8665771484375,92.13163995955483,91.21952412120442,91.49237852398703,3191700
2017-08-15,92.74751281738281,92.88783878561117,91.87437279865308,91.89775946872784,2749800
2017-08-16,92.8488540649414,93.05154844540088,92.63057055419102,92.73971230956622,2373900
2017-08-17,92.29535675048828,93.0749441922174,92.18621498446862,92.77090556576546,3096900
2017-08-18,91.67948150634766,92.32654050726387,91.52356639788165,92.21739874178164,3776500
2017-08-21,92.19401550292969,92.34993061720085,91.64050911515258,91.83540598188172,2119500
2017-08-22,91.92893981933594,92.5370170068746,91.71845384971853,92.18620507491907,2313700
2017-08-23,91.43782043457031,92.08487950009972,91.3910470869159,91.91336929499258,2616300
2017-08-24,90.60365295410156,91.4456088142194,90.45552943766043,91.4144246029802,4760000
2017-08-25,90.31521606445312,91.13378536731787,90.27624025580016,91.00904850495407,3442500
2017-08-28,90.07353210449219,90.65822267523019,89.71492260150649,90.5256942399968,2932700
2017-08-29,90.3073959350586,90.51009031180942,90.05013662939812,90.08132083718898,2348700
2017-08-30,90.39769744873047,90.60965641120261,90.20928881659941,90.38199323556813,2491800
2017-08-31,90.8530044555664,90.93935365196407,90.22496782964797,90.46832917722581,4709500
2017-09-01,90.9393539428711,91.13561464042328,90.39767849041985,90.57823497810321,2591900
2017-09-05,90.96292114257812,91.11207521777322,90.6018021345976,91.02572002136463,2711400
2017-09-06,91.33975982666016,91.43396715107005,90.7823799667257,91.19845183474696,2617500
2017-09-07,91.84217071533203,92.07768599012284,91.37114615515266,91.57525899401121,2623800
2017-09-08,90.31134033203125,91.44180407968273,89.94236919276155,91.37899920716825,4818300
2017-09-11,90.82162475585938,90.9786309569334,90.09153454100016,90.34274805636018,3247900
2017-09-12,90.27992248535156,91.02571075360048,90.1700169719128,90.82160393687208,2998500
2017-09-13,89.84815979003906,90.41339165069182,89.49489287183218,90.17788236835462,5141500
2017-09-14,89.6440658569336,89.92668182797232,89.2593904583846,89.84032661518809,3456900
2017-09-15,90.16216278076172,90.26422217616584,89.58123279611188,90.07580759514336,5543000
2017-09-18,90.27208709716797,90.46050171744106,90.02872569940155,90.41339506767159,2441200
2017-09-19,89.87957763671875,90.37415859429406,89.77752419581431,90.32705193822777,2568300
2017-09-20,89.16516876220703,90.00516437610413,88.50572965059904,89.7617970186599,4059800
2017-09-21,88.55282592773438,89.35356690944239,88.34871313263194,88.87469034558727,3630900
2017-09-22,87.80704498291016,88.60779207505661,87.77564254896305,88.36442470931703,3746300
2017-09-25,87.87771606445312,88.03472226999241,87.46949034700646,87.95621916722277,3885000
2017-09-26,87.775634765625,88.16031005531526,87.71283589270124,88.10535729813112,2953800
2017-09-27,87.21826934814453,87.83060188242251,86.6216350373137,87.70499812663842,4016200
2017-09-28,87.6421890258789,88.49788890282302,87.288922116039,87.43023007785537,11581100
2017-09-29,87.47734069824219,87.94836529480838,87.30463028197396,87.82276153077866,5122300
2017-10-02,85.66388702392578,86.76294233884492,85.53827727970516,86.28407165986002,8306400
2017-10-03,85.67174530029297,86.07997103754728,85.48333664662341,85.89940850195342,6064400
2017-10-04,85.83658599853516,86.48032691276765,83.36370570727486,83.95248786984196,9092400
2017-10-05,86.70800018310547,87.13192413762006,86.0014662483175,86.08782146068545,5670400
2017-10-06,86.66875457763672,86.88071356741284,86.2919312754308,86.48819203942482,3240300
2017-10-09,86.36257934570312,87.08481744515385,86.18986893292087,86.81789971919875,1977800
2017-10-10,86.96704864501953,87.02985351241156,86.57452720792202,86.57452720792202,3032300
2017-10-11,87.54014587402344,87.77565517840975,86.95920974651786,87.06126916888104,4051100
2017-10-12,88.27809143066406,88.32519808798111,87.43809557958413,87.5401550126016,3287200
2017-10-13,88.41152954101562,88.69414545133931,88.0661087640863,88.49788473524796,3090500
2017-10-16,89.15731811523438,89.2044187706192,88.46648254884937,88.65489115979042,2675900
2017-10-17,88.07395935058594,89.14946422299818,87.65788759795332,88.8825525286307,3825200
2017-10-18,87.88556671142578,88.2702421168065,87.75211083089931,87.88556671142578,2590500
2017-10-19,88.45076751708984,88.54497480573667,87.61077199220892,87.62647620168391,2673700
2017-10-20,87.61864471435547,88.72555216676555,87.43808219931141,88.71770604958283,3772300
2017-10-23,87.68145751953125,88.27808590711832,87.45379432318764,87.64220297245708,2263200
2017-10-24,86.9435043334961,87.82275456962235,86.57453319878775,87.79919825066891,3351100
2017-10-25,86.4096908569336,86.77080995200001,85.71100300070026,86.69230684253397,3836900
2017-10-26,86.92778778076172,87.32815527751582,86.67657433618227,86.88068114218991,2865000
2017-10-27,86.82573699951172,87.02199770972283,86.29975973360233,86.67658293254433,3343200
2017-10-30,86.07994842529297,86.64518022722454,85.85228528343711,86.63732812180841,2206100
2017-10-31,86.5352783203125,86.95919620005068,86.3154612852978,86.54312443665455,4379400
2017-11-01,86.45677185058594,86.88854783849895,86.04855218061526,86.16630981271898,2822400
2017-11-02,86.39395904541016,86.49601244910271,85.99358555655306,86.28405353700248,2169800
2017-11-03,86.5274429321289,86.86501167151218,86.35473250880682,86.46463805284762,1725700
2017-11-06,85.7738037109375,86.35473388000652,85.71885093804454,86.33118354725282,3331800
2017-11-07,86.72367858886719,86.81003377553591,85.68742233824369,85.68742233824369,3882000
2017-11-08,87.92481994628906,87.95622238642682,86.74725539343697,86.80220816632728,3685300
2017-11-09,87.51659393310547,88.27023447420723,87.15546889209591,87.41453451261914,2856900
2017-11-10,88.51359558105469,88.69415810094742,87.38313177853261,87.485191198673,3699500
2017-11-13,89.52630615234375,89.64406380247829,88.42724473342615,88.46649927993863,3194500
2017-11-14,90.87657928466797,91.21414801397528,89.17303142407839,89.2515405155381,4998900
2017-11-15,90.35843658447266,91.010023628874,89.7382519747969,90.79021257519692,3861500
2017-11-16,90.46049499511719,90.93936564853543,90.23283183792383,90.58609874322963,3058100
2017-11-17,90.02874755859375,90.38986668436083,89.91098988968183,90.06800211136566,2646400
2017-11-20,90.20928955078125,90.94722586155136,90.05227736489215,90.08367980206997,3594300
2017-11-21,91.104248046875,91.32405914184332,90.25640011822304,90.27209834383373,3179300
2017-11-22,90.34276580810547,91.06500405800514,89.71472890159907,90.88444150082832,3598500
2017-11-24,90.98648834228516,91.30050675205327,90.61751716001287,90.79022758485547,1183000
2017-11-27,90.9472427368164,91.37901884137442,90.79808861929929,91.06500040073256,2818900
2017-11-28,91.66946411132812,91.71657076187981,90.51545598735558,91.26909651275504,3600400
2017-11-29,91.72441101074219,92.14833490217032,91.2926410025595,91.72441101074219,3276300
2017-11-30,92.10779571533203,92.65323517419858,91.75998458052118,92.10779571533203,5984000
2017-12-01,92.3133316040039,92.3686656090393,90.93788202815675,92.09199558386231,4956600
2017-12-04,92.85086822509766,93.43582859178645,92.18686013820029,92.48724388737465,4403000
2017-12-05,92.95362091064453,93.23029695176896,92.62952347900304,92.98524120194315,3198600
2017-12-06,93.9891586303711,93.99706521032688,92.99314063931163,93.14333550370449,3203500
2017-12-07,92.27378845214844,93.78361938506002,92.13150018346464,93.68875852895323,5409500
2017-12-08,92.1473159790039,92.17102968752317,91.61768971889593,92.10778911083625,3127500
2017-12-11,92.7955322265625,92.83505910129583,91.34893545706565,91.9576155546144,2429400
2017-12-12,92.80342102050781,93.57019640811696,92.58208503871408,93.45162183759797,2664600
2017-12-13,93.11961364746094,93.44371102585085,92.86665738958848,92.89037109642763,3193900
2017-12-14,93.29351806640625,93.75200317777002,93.06428154167739,93.23028352387054,4057800
2017-12-15,94.24214172363281,94.3528097506868,93.63346154388068,93.72832243747918,7173500
2017-12-18,93.3172607421875,94.6531835075287,93.27773386630302,94.30537232975426,3472700
2017-12-19,93.75992584228516,94.37650646219593,93.45954211311054,93.8705938493997,3942500
2017-12-20,94.08404541015625,94.16309917464822,92.9299316138481,93.79947477561598,4273400
2017-12-21,93.48326873779297,94.51880781781769,93.15125863963311,94.42394692820703,2790000
2017-12-22,93.75201416015625,93.87058874159953,93.41210357652746,93.75201416015625,2045600
2017-12-26,93.98126983642578,94.25793987770409,93.60183836008827,93.60183836008827,2156300
2017-12-27,94.30536651611328,94.38441423205467,93.91012190545221,93.96545590970659,2465100
2017-12-28,94.34488677978516,94.48717507998833,94.10774363341591,94.32907964907551,1999300
2017-12-29,94.79544830322266,95.30926740749467,94.40020376623696,94.43182405291017,3116400
2018-01-02,93.32515716552734,95.00099651507436,93.2223957361084,94.80337420630038,4165800
2018-01-03,93.08011627197266,93.64926954024449,92.99316196537808,93.20659745645743,4224000
2018-01-04,93.5385971069336,94.15517777482474,92.96153728411359,93.11963875726165,3147000
2018-01-05,93.8073501586914,94.13935416904094,93.47534614834187,93.60182731282961,2714200
2018-01-08,93.26982879638672,93.86269575853427,93.01687246710861,93.44373740356941,5730400
2018-01-09,93.34097290039062,94.05241443777786,93.23820543718476,93.48326120786807,4573600
2018-01-10,92.86668395996094,93.56231236040034,92.25009725096496,93.38049717102564,3363900
2018-01-11,92.39237976074219,93.15915528484895,91.99713514262153,92.99315326895278,3685200
2018-01-12,92.78759765625,93.28560959146648,92.36863944665377,92.44768714132151,4335500
2018-01-16,93.16706085205078,93.5543988849269,92.51095334568112,92.64533506695079,4936500
2018-01-17,94.21049499511719,94.99307754714782,93.44371957210738,93.50696015009764,4554600
2018-01-18,94.10772705078125,94.55830558353631,93.79153021371823,94.13934130662982,6221800
2018-01-19,94.99308013916016,95.39623129615671,93.78363269912413,94.44764672423337,6002600
2018-01-22,96.05235290527344,96.32111636226817,94.85871241867123,94.93776013949588,4308600
2018-01-23,95.88633728027344,96.84282843776386,95.530613540592,95.7045221203091,3536900
2018-01-24,95.7598648071289,96.02863428133361,95.50690849485318,95.83891252391116,3445200
2018-01-25,95.57015991210938,96.00492541916304,95.14329495596141,95.34091728579168,2712900
2018-01-26,96.24996185302734,96.31319640233065,95.34089811243274,95.34089811243274,3993900
2018-01-29,94.59782409667969,96.56614619282914,94.58201696914342,95.94955966176308,3854700
2018-01-30,94.7717514038086,95.8072903444599,94.46346109276043,94.60574939254836,4945200
2018-01-31,95.09583282470703,95.45155047621246,94.47134576661416,94.73220256327356,4018100
2018-02-01,95.09583282470703,95.65707931290252,94.28953063589744,94.79544313317092,3485600
2018-02-02,93.8073501586914,95.0800382293185,93.59392073231066,94.78756109060986,3348900
2018-02-05,90.47938537597656,94.58993248326429,90.43986453792637,93.72829619280309,5347600
2018-02-06,89.76795959472656,90.07624992763067,87.07239431941929,88.88261547190635,6642600
2018-02-07,89.72052001953125,91.51492776630225,89.1276531471555,90.09205089117266,4931400
2018-02-08,87.07238006591797,89.8944260573555,87.02494661642123,89.87861289720541,4907900
2018-02-09,87.88661193847656,88.52690642406606,86.06848390184855,87.59412868864956,5301700
2018-02-12,88.47946166992188,89.12766261131142,87.79173385379524,88.45574795746136,4759200
2018-02-13,88.64543914794922,89.06439736798097,87.49132589038638,88.53477116646735,5274700
2018-02-14,86.25027465820312,88.4557401876208,85.97360465220889,88.2739250231367,7702700
2018-02-15,87.7206039428711,87.77593795601203,85.94200290925555,86.58229735145152,5125200
2018-02-16,87.79174041748047,88.29765309097678,86.76410793798381,87.79174041748047,5578500
2018-02-20,86.54276275634766,87.72849659041864,86.43208871668988,87.71268342863004,3835500
2018-02-21,85.37284088134766,86.82733823854208,85.3254134552079,86.4400001861736,4501900
2018-02-22,86.36885833740234,86.930104988945,85.38864731156735,85.63370308350332,5394700
2018-02-23,86.70088195800781,86.9933652217413,85.82343819776317,86.44792557862819,4760400
2018-02-26,87.69689178466797,87.87870096066453,86.97754357010662,87.04869074881131,5355400
2018-02-27,87.6573486328125,88.59803272925396,87.51506033277055,87.89449780986712,6385800
2018-02-28,86.74037170410156,88.25810933055345,86.7008448366713,87.74429020872613,4638900
2018-03-01,86.09935760498047,87.50089656703585,85.39858204842605,86.96735595958772,6896300
2018-03-02,86.83195495605469,87.05492672043033,85.92413787222534,85.93210288538873,4903600
2018-03-05,87.14254760742188,87.27792249081014,86.0197173880182,86.37010515728343,3781700
2018-03-06,87.26197052001953,87.29382449568291,86.35415347794908,87.08677669163319,3380800
2018-03-07,87.4690170288086,87.64421086676944,86.48953304460927,86.712504810914,4612600
2018-03-08,89.25281524658203,89.29262816701802,87.2619869590094,87.62033362056216,5437700
2018-03-09,89.61911010742188,89.6429990703064,88.90241084326308,89.40409729041193,3680600
2018-03-12,89.78634643554688,90.05709613825788,89.25280596806923,89.5872636274858,4509600
2018-03-13,90.4632339477539,90.70213576659847,89.76246459494915,90.20044316213001,4590000
2018-03-14,89.67485809326172,90.59859913809471,89.37225442048496,90.43933532621747,4055700
2018-03-15,89.1811294555664,90.18450846948647,88.91834477676286,89.50762816406993,3906800
2018-03-16,88.90243530273438,90.1447103187101,88.85465736382034,89.45190590235117,7730800
2018-03-19,87.88312530517578,89.18114317466633,87.63626453917794,88.91039344105913,4216700
2018-03-20,87.51681518554688,88.631680272887,87.46107223495618,88.19369560715575,3319000
2018-03-21,86.59304809570312,87.66013500270239,86.42581928221192,87.50883013908077,3867600
2018-03-22,85.95598602294922,87.33363550611308,85.8445001483183,86.36211053387989,4325500
2018-03-23,84.53057098388672,86.5930661901133,84.36334213545152,86.07544961608484,4873300
2018-03-26,85.0561294555664,85.5817109386549,84.48277004693338,84.95260859171168,4119400
2018-03-27,85.71709442138672,86.43379375444685,84.81724230492108,85.39060177136919,5036300
2018-03-28,86.94344329833984,87.68403157984268,86.0037722107935,86.11525809613586,6413000
2018-03-29,86.91957092285156,88.12203300199889,86.77623103212191,87.69201332980991,3829500
2018-04-02,85.24726867675781,86.97530615142014,84.76150609440194,86.49750858326578,4325500
2018-04-03,86.15507507324219,86.42582476687916,84.88094028393306,85.51800767858762,4699000
2018-04-04,87.73977661132812,88.17776122526092,85.39856081235135,85.82858041270576,4694200
2018-04-05,88.05034637451172,88.53610892473657,87.39735499027057,87.93886048516752,3275700
2018-04-06,87.03899383544922,88.3768303599048,86.61693323846099,87.64420111219691,3579100
2018-04-09,87.10270690917969,87.95478107403137,86.62490939089814,87.23012282100147,2620000
2018-04-10,87.11864471435547,87.75570610376954,86.73640302028653,87.38939443786319,2817000
2018-04-11,86.5452880859375,87.17439055769385,86.3382402416254,86.45769115471029,4000200
2018-04-12,86.25064086914062,87.20624207124644,86.21878688818452,86.76825742750724,2691700
2018-04-13,87.00716400146484,87.16642783942271,86.4178744348636,86.68066523546746,2828300
2018-04-16,87.53273010253906,88.1060895782956,87.21419638539373,87.39735524729802,2769800
2018-04-17,86.69658660888672,86.86381544470433,85.98785227233932,86.55324673882515,5022000
2018-04-18,85.19151306152344,87.08677909946196,84.7774174419748,86.7762104225629,6525500
2018-04-19,84.06867980957031,85.15965567935886,83.67847924467789,84.97649684043613,6320200
2018-04-20,81.60801696777344,84.09256620784312,81.44078208382318,83.97311532310339,8650000
2018-04-23,81.68767547607422,81.86286935402651,81.09838587286622,81.66378650644914,6670600
2018-04-24,80.77983856201172,81.90266239042765,80.40556192736477,81.71950961742482,5695500
2018-04-25,80.54890441894531,81.51246446968108,80.31000262184303,80.59668234815574,4828300
2018-04-26,82.22917175292969,82.88216317601811,80.54891222360601,81.42487543864769,5978800
2018-04-27,80.99484252929688,82.01414545428008,80.94706460328975,81.40097312693148,4765900
2018-04-30,80.38167572021484,81.53635356517093,80.09499599344194,81.10633397501157,5479900
2018-05-01,78.94031524658203,80.37371393807318,78.49437168724049,79.91980536502187,4543900
2018-05-02,77.42729949951172,79.12348308050066,77.26802958488359,78.96421924139855,5927700
2018-05-03,77.721923828125,78.1121244145926,77.00522453372794,77.62636797255531,6668200
2018-05-04,78.82881927490234,79.44995660326612,77.64228755596322,77.68210654389405,5937000
2018-05-07,78.2236099243164,79.08364293117901,78.09619402669267,78.82085827449775,3475400
2018-05-08,77.0768814086914,78.0324762180269,76.79020175078604,77.96877435278853,5333700
2018-05-09,76.5752182006836,77.6582231435091,76.40002434837308,77.39543844056878,6201500
2018-05-10,77.4591293334961,77.8334059511353,76.7663251119742,76.79021407471294,3100600
2018-05-11,77.5865478515625,78.24750419540219,77.14856326816877,77.7059987448085,3507300
2018-05-14,77.36359405517578,77.8254677093622,77.02913633684474,77.79361372539836,4307900
2018-05-15,77.08485412597656,77.43523568414629,76.73446649228259,76.93354927042249,6555700
2018-05-16,77.39543914794922,77.68211889516382,76.88578761412893,76.95745451316982,5544700
2018-05-17,77.97676086425781,78.03250381325645,77.3635884252727,77.68212216620458,6531100
2018-05-18,77.6502685546875,78.39881586259082,77.49896366003034,78.28732996406212,6894000
2018-05-21,79.24293518066406,79.61721189122048,78.0882510655936,78.21566699919839,6678100
2018-05-22,79.5773696899414,79.99942421477402,79.1792041268126,79.4579188058979,6807600
2018-05-23,79.99147033691406,80.11092123758473,79.32255501399857,79.57738076685092,6249900
2018-05-24,79.77645874023438,80.09499243087222,79.44200109905078,79.87997960759363,4696700
2018-05-25,79.87999725341797,80.51706477542456,79.55350455314606,79.77647636319051,5324300
2018-05-29,80.50908660888672,80.66039148763993,79.63312346586721,79.63312346586721,8302600
2018-05-30,81.09040069580078,81.4168933009143,80.50111128326276,80.95502586137626,6256600
2018-05-31,80.56643676757812,81.41027721122111,80.09228312518643,81.2897277005003,8270100
2018-06-01,80.56643676757812,81.11292256896344,80.08424485609763,80.79949751993098,4414200
2018-06-04,80.46195983886719,81.24150022287397,80.38962768343,80.98433080730207,3932000
2018-06-05,80.53429412841797,81.13703558284507,80.26908641693329,80.73520794656034,4851900
2018-06-06,81.03256225585938,81.05667093290816,80.22086871726579,80.68699024488612,3946700
2018-06-07,81.2977523803711,81.5790304374345,80.63071717976233,80.77537534216663,5052900
2018-06-08,82.36662292480469,82.46306375984892,81.31383653403388,81.31383653403388,4795500
2018-06-11,82.94523620605469,83.10597089340598,82.18979850400709,82.46304440680358,3984500
2018-06-12,83.96590423583984,84.02215985876579,82.63183356159183,82.9613351611602,5075900
2018-06-13,84.60077667236328,84.86598434882204,83.70872507851514,83.70872507851514,7553500
2018-06-14,84.48824310302734,84.67308644025559,83.9256870878122,84.59272217113924,4812600
2018-06-15,86.4813232421875,86.5938344623457,84.2391248437748,84.46414728409121,10573000
2018-06-18,84.6891860961914,86.15987664151247,84.24717939766622,85.99914804775837,5964400
2018-06-19,85.15528106689453,85.73391363434675,84.56057809763573,84.77756224472985,5504400
2018-06-20,85.03475189208984,85.27585089654798,84.67310951680501,84.9704641381164,4601400
2018-06-21,86.18396759033203,86.33666401497241,85.42853599738841,85.64552016746545,6550700
2018-06-22,87.09211730957031,87.33321019371367,86.10361870351481,86.18398299822927,5709400
2018-06-25,87.59036254882812,88.07255435456335,86.56168506155257,86.56168506155257,5183000
2018-06-26,86.8349609375,87.73505098381477,86.3688393741421,87.63861626822595,5034100
2018-06-27,87.01174926757812,87.56627333968636,86.48937827191988,87.0921196958974,6229200
2018-06-28,87.34124755859375,87.83951599091037,87.03586078927863,87.13229548937677,4297400
2018-06-29,87.49394226074219,88.00024282034889,86.63403145743415,87.37339275662559,4721400
2018-07-02,88.02435302734375,88.40207195216378,87.04389270284989,87.35731774016807,4711900
2018-07-03,87.43769073486328,88.05650255889691,86.84298145509793,87.26088560473859,3769100
2018-07-05,88.04041290283203,88.09666851089884,86.79474512669391,87.52607416296374,4870400
2018-07-06,88.0484619140625,88.41814257098322,87.57430828825197,87.99220629521375,4387300
2018-07-09,86.60189056396484,87.83952037197378,86.40900889134323,87.70289432101607,7866400
2018-07-10,90.72463989257812,90.81304245982116,88.14490729829315,88.90034518876891,16107200
2018-07-11,90.4433364868164,90.76479972038668,90.08972631674901,90.52370076235867,5521400
2018-07-12,89.63166046142578,90.57997381079818,89.1816155266058,90.44335390292817,5500100
2018-07-13,90.56389617919922,90.64426046380459,89.70398545797778,89.75220280246063,4417100
2018-07-16,90.78091430664062,90.9095021152138,89.80849199707171,90.45945091661189,5413600
2018-07-17,92.32389068603516,92.44444017079388,91.19074024466678,91.19074024466678,6783800
2018-07-18,92.28373718261719,92.42035710854523,91.52829925811571,92.35606321467208,5379000
2018-07-19,93.03915405273438,93.69815103072656,92.21942849724253,92.23549890243162,9241300
2018-07-20,93.23201751708984,93.85886743102502,92.59712933642702,93.02306550197778,27559700
2018-07-23,91.93010711669922,93.2079219240112,91.27914844266213,92.83823517948939,7769300
2018-07-24,92.21138763427734,92.3560458025175,91.49613506114603,91.72919578394418,5095100
2018-07-25,92.58911895751953,92.95879963012645,92.01852447601304,92.37213474172523,4762300
2018-07-26,92.42035675048828,93.9473030013422,92.3239159100522,93.33652327472,5096300
2018-07-27,91.8416976928711,92.70160834699435,91.64078393133387,92.23548694869166,4563700
2018-07-30,91.7613525390625,92.0908479883269,91.35148666331159,91.43988922732458,3621800
2018-07-31,92.42035675048828,92.81414611898009,91.70510404527937,92.1471168996908,4892100
2018-08-01,91.30326080322266,92.04262205933067,90.9978740578047,91.95421950355666,4169000
2018-08-02,92.17122650146484,92.36410205286846,90.88537314169874,91.29523905340926,4167200
2018-08-03,93.465087890625,93.78654501624509,91.91403334704164,92.23549047266172,3934500
2018-08-06,94.33303833007812,95.18491694967545,93.94728729562836,94.22856536895675,6704800
2018-08-07,91.79350280761719,93.58565056535795,91.23897872807264,93.58565056535795,6919600
2018-08-08,91.20682525634766,92.29979679878927,91.1907548504599,92.03458911612275,5172900
2018-08-09,91.3756103515625,91.71315025661605,91.11844088620018,91.71315025661605,4115400
2018-08-10,90.70858001708984,91.59259966075474,90.46748096363413,91.28720670885703,3711900
2018-08-13,90.82911682128906,90.92555766195373,90.01742940512341,90.66034994867829,3170100
2018-08-14,90.8934097290039,91.20683479350988,90.09779272921206,90.57194639501229,3836700
2018-08-15,91.17467498779297,91.40773571878118,90.21029125323686,90.62015709955422,6513300
2018-08-16,91.8176040649414,92.2033612481079,91.11038971577233,91.40773820746497,4504600
2018-08-17,92.38819885253906,92.49267181874218,91.6166906147098,91.6166906147098,3391600
2018-08-20,92.29175567626953,93.10344910505744,92.09888015456825,92.4123051766087,3676000
2018-08-21,91.39167785644531,92.62126943274929,91.33542223306549,92.62126943274929,4667700
2018-08-22,90.20223999023438,91.47201642521603,89.97721756001512,91.37557561309289,3860900
2018-08-23,89.95313262939453,90.19423165763018,89.61559889498702,90.14600817314127,4508800
2018-08-24,90.12992095947266,90.43530769107672,89.84864289991604,89.90489851182737,3677700
2018-08-27,90.33887481689453,90.62818501867508,89.87275337661136,90.47549471550795,3155700
2018-08-28,89.34234619140625,90.3710238557769,89.1173237187505,90.18618659526788,5229400
2018-08-29,90.04955291748047,90.10580852704408,89.38251773879654,89.44681161584111,2403200
2018-08-30,89.97721862792969,90.19420892493177,89.64772324588405,89.90489261652995,2119100
2018-08-31,90.01742553710938,90.4755087806273,89.41468410451195,89.82454386406809,4248800
2018-09-04,89.20571899414062,90.08170013848759,88.76370622223948,89.86471595226469,4576300
2018-09-05,90.90946960449219,90.94964868174947,88.96461954946054,89.01284302613206,4392100
2018-09-06,91.96935272216797,91.99366081304363,90.30013120610529,90.75389872143447,4808300
2018-09-07,91.35352325439453,91.96935502786516,90.35685441079279,91.44265704458577,3833800
2018-09-10,92.02608489990234,92.36641057796014,91.32111926782306,91.49938686550652,3289700
2018-09-11,91.83159637451172,92.17192198737209,90.63234579028023,90.63234579028023,2807300
2018-09-12,92.25294494628906,92.56086387473236,91.59660185291112,91.81538082333114,3651400
2018-09-13,93.17669677734375,93.19290629177084,92.12330707796328,92.77154546632393,3808100
2018-09-14,92.83638000488281,93.09567662135552,92.14762394695082,93.09567662135552,2698300
2018-09-17,93.50890350341797,93.54941491644712,92.55274636986765,92.86065907378088,3092600
2018-09-18,92.35829162597656,93.5737455069975,92.12330313379167,93.5737455069975,4081200
2018-09-19,92.18812561035156,92.56896882780488,91.93693377846462,92.33398032805457,2844900
2018-09-20,93.36305236816406,93.5980408282955,92.46361612432617,92.5608546471066,3375900
2018-09-21,93.11185455322266,93.60613334454851,93.05512744868366,93.3954591653332,6989500
2018-09-24,90.97268676757812,92.95793220878963,90.91596582252177,92.4555422796337,3387400
2018-09-25,90.72957611083984,91.36161110093586,90.55941331982305,91.27247732724358,3538700
2018-09-26,90.34873962402344,91.45075165122672,90.19478015221588,90.97266990398558,4053500
2018-09-27,89.98412322998047,91.0780307105501,89.87068133908403,90.29203605068233,3841500
2018-09-28,90.59182739257812,90.79440302969738,89.87065861900301,90.38114699898111,5945300
2018-10-01,89.70860290527344,91.14284201404338,89.67619005840717,90.87544066398547,5064700
2018-10-02,88.09609985351562,90.03272257717519,87.26958773772455,89.49791989259059,6702200
2018-10-03,87.12373352050781,88.89829820681209,86.8401288446898,88.4931469036097,6107500
2018-10-04,86.38636779785156,87.0265076464462,85.73002461605397,86.58083870688071,4930300
2018-10-05,86.28910827636719,86.71046902264082,85.87585846790147,86.09463741461171,3438100
2018-10-08,87.66663360595703,87.78817404102031,86.14326087724125,86.18377847700751,3994100
2018-10-09,87.60993957519531,88.27438761339609,87.12375295719309,88.06370715773643,4105600
2018-10-10,86.9778823852539,88.60659242218028,86.8644405102559,87.18045804519585,5796200
2018-10-11,85.13038635253906,87.90162585098106,85.00074115554303,87.68284069425557,5755100
2018-10-12,85.30867004394531,85.69761807273923,84.70094299916174,85.32487956045962,4543000
2018-10-15,85.5922622680664,86.4187743903149,85.21952381019449,85.24383189929857,3805700
2018-10-16,87.01839447021484,87.26148771957234,85.76242298539798,86.1432661910696,4061600
2018-10-17,87.76387786865234,88.1447211025338,86.85634285901341,86.872546191849,4495900
2018-10-18,87.45597076416016,88.60659911584457,87.14805796335023,87.90163972254729,4093700
2018-10-19,89.36829376220703,89.61948564408209,87.9097462949206,87.9907753359655,5109000
2018-10-22,88.6471176147461,89.85446692034965,88.51746621386889,89.20622228020169,5477700
2018-10-23,89.2386245727539,89.56274685448155,87.7719788210313,88.26626390968933,4484100
2018-10-24,91.53179931640625,92.50416634074443,89.09278627012097,89.29536196075983,8222900
2018-10-25,91.44266510009766,91.78299077510711,90.28393190765358,91.531798898141,6712900
2018-10-26,89.49793243408203,90.80252030031436,88.88210682156571,90.4459913094152,5872800
2018-10-29,91.47505950927734,91.81538511567098,90.05702996718564,90.17857659293142,5706000
2018-10-30,92.18812561035156,92.56087025279572,91.24007303634119,92.17192227821494,4900400
2018-10-31,91.06180572509766,91.96124212307727,90.09754981627319,91.96124212307727,6449500
2018-11-01,90.35682678222656,91.67761753337963,89.92736747832292,90.75387324668806,5736700
2018-11-02,90.08134460449219,90.83492632035683,88.83347777488201,90.34064120661128,6705700
2018-11-05,92.6905288696289,92.73104647901135,90.170486882598,90.50271396960017,5270400
2018-11-06,93.35497283935547,93.46841472219563,92.26106543647163,92.39881541104626,3913400
2018-11-07,93.6790771484375,93.80872234014245,92.73102466030055,93.54942577461479,4219600
2018-11-08,94.04373168945312,94.40026686447261,93.38738846463922,93.49272559265899,2925100
2018-11-09,95.19436645507812,95.3807326190621,94.05994140839788,94.05994140839788,5026300
2018-11-12,94.78111267089844,95.87502013559774,94.57043222709613,94.80542076400654,4781900
2018-11-13,94.91883850097656,95.41312354213369,94.16525689577946,95.41312354213369,3609900
2018-11-14,94.52182006835938,95.19437285623015,94.21390105688526,95.16196000333184,4423800
2018-11-15,94.64334106445312,94.7972943463356,93.67097428746041,94.34352689300974,4045700
2018-11-16,95.89932250976562,96.0046658164443,94.67576371196417,94.84593271781142,4484300
2018-11-19,96.43411254882812,96.84736241681152,95.59139711702733,95.68053089611035,4673900
2018-11-20,93.99510955810547,97.46320399059312,93.81684198187351,97.07426217164954,5087800
2018-11-21,93.41166687011719,94.71625432906374,93.11995748910321,93.90595186671766,3245000
2018-11-23,93.51702880859375,94.45697663778581,93.00653419888884,93.00653419888884,1444700
2018-11-26,93.88166046142578,94.34353269973666,93.17669496837516,93.8978637934199,2972500
2018-11-27,94.3516616821289,94.4245859680036,93.10379460616313,93.4846379180506,2884700
2018-11-28,96.02082824707031,96.03703157390066,93.64664211992138,93.97886905004859,3989400
2018-11-29,95.83448791503906,96.32067443155562,95.16194144047876,95.93983121193955,2878700
2018-11-30,98.80831146240234,98.85692764526131,95.72105402636113,95.72105402636113,8051100
2018-12-03,96.40982055664062,97.97370505694659,95.21867456649579,97.62527463929958,6112600
2018-12-04,95.45365142822266,97.73059981976314,95.17004056457903,96.72582629859444,7018200
2018-12-06,95.4275131225586,95.8685516886987,93.18965630729049,94.99464366816363,5191700
2018-12-07,94.59443664550781,95.54185413137459,94.2350705327713,95.04364428642845,4615500
2018-12-10,94.89663696289062,95.2478339849819,93.4836797629775,95.06815091816222,4150600
2018-12-11,95.79505157470703,96.53011587614716,95.29684167213131,95.4765247492841,5545100
2018-12-12,95.55819702148438,96.85680542592532,95.07632534372277,96.65262124425549,4889700
2018-12-13,96.66079711914062,97.10183573014957,95.64804525193884,95.67254635846037,6181200
2018-12-14,93.06714630126953,96.00740346401025,92.83846101776895,95.81955127758812,7404200
2018-12-17,92.18505859375,93.98187654931543,91.63784035794659,93.41016344469156,6015300
2018-12-18,91.34383392333984,92.72412100660712,90.45359386856975,92.47093461143524,5846200
2018-12-19,89.87370300292969,92.44642473357509,89.5388379806473,91.98904796579411,6915400
2018-12-20,90.01253509521484,91.41732296862446,89.1876294288605,90.00436598491676,8468300
2018-12-21,89.3673324584961,93.23866908663828,88.86912254936226,90.62510778391535,13263600
2018-12-24,86.59859466552734,90.73128053396081,86.54142334355637,89.94721401927028,3354000
2018-12-26,88.47708892822266,88.56693046445204,85.78185530375426,86.75377397866856,4537000
2018-12-27,89.3673324584961,89.40817178791629,86.59859541263135,88.01971559331781,5175900
2018-12-28,90.13508605957031,90.73946962939523,89.204006478875,89.91456360396934,5410300
2018-12-31,90.23307037353516,90.73127401134853,89.2856528418891,90.31474279459277,5019100
2019-01-02,89.25299072265625,89.85737417074904,88.39542087695841,89.14681718877182,4835400
2019-01-03,88.41991424560547,89.96354606400014,88.24840029147343,88.9507943309892,5975900
2019-01-04,90.23307037353516,90.33107478632178,88.40357573957166,89.46533590693966,6293900
2019-01-07,89.4571762084961,90.15140120734432,88.73845010387312,89.84921259451306,5220300
2019-01-08,90.31475067138672,90.4944337521083,89.36733305711171,89.95538450994353,6407700
2019-01-09,87.79104614257812,90.55162080558263,87.79104614257812,90.11058213934153,8521300
2019-01-10,88.330078125,88.48525386565242,87.6848553639938,87.72569469275885,7905000
2019-01-11,88.3382339477539,88.61592140172063,87.91352742483265,88.09321047443736,5939000
2019-01-14,87.65218353271484,88.17489452900453,87.35815781840107,88.08505299234163,5804600
2019-01-15,89.0161361694336,89.08147660457948,87.17031561061371,87.76652994550108,4508000
2019-01-16,88.4852523803711,89.06514092930881,87.96254138322738,89.01613248937204,4953500
2019-01-17,89.2040023803711,89.40818659888276,88.28108572472533,88.3219250609108,4612200
2019-01-18,89.89820861816406,90.0860608015185,89.16314433948276,89.81653619413426,5142700
2019-01-22,89.76752471923828,90.02888018787779,88.84460835247538,89.72668539583596,5298200
2019-01-23,90.43726348876953,90.48626570001065,89.44084365215404,89.57968740480848,5197400
2019-01-24,89.43267059326172,90.0942253406504,88.54243056189702,90.0942253406504,4478000
2019-01-25,89.3101577758789,90.32290954908738,89.05697139037844,89.96354963477852,5074800
2019-01-28,88.87728118896484,89.51433477313165,88.20755739135282,88.99162382042012,4055900
2019-01-29,89.02429962158203,89.53067861495747,88.6241003863696,88.96712830226596,4301500
2019-01-30,90.5107650756836,90.85379301022888,88.6486063096299,88.97530225114262,5023800
2019-01-31,92.02172088623047,92.20957306568026,90.01254938706806,90.63327101296417,6183400
2019-02-01,91.62968444824219,92.51992438332749,91.02529485600554,92.25039980013055,5010500
2019-02-04,92.36473083496094,92.61792339551623,91.35197928635534,91.646004934532,3665000
2019-02-05,92.20956420898438,92.73227513915182,91.87469920901778,92.31573772469764,4593400
2019-02-06,92.33209228515625,92.76496176662504,91.71953972129508,92.62611801430616,4209400
2019-02-07,92.36473083496094,92.42190837380018,91.60517184691064,92.14421471443104,4227700
2019-02-08,92.30757141113281,92.32390963324892,91.41733147319096,92.23406810522832,3868300
2019-02-11,92.26673889160156,92.76494873873672,91.99721430586496,92.42192084663888,4851100
2019-02-12,92.93647003173828,93.51635234218521,91.65419365935134,92.47909947278443,6765300
2019-02-13,93.20598602294922,93.70419586341578,92.8057805896525,93.19781691194974,5528000
2019-02-14,91.95637512207031,92.29124013477717,91.37649285657882,92.29124013477717,6359200
2019-02-15,94.66793823242188,94.97012677347577,93.19780992305937,94.61892980130614,8889500
2019-02-19,94.68428802490234,95.53369495988669,94.08806747866674,95.39485121323136,5596100
2019-02-20,94.60262298583984,95.26417778549236,94.25959503277609,94.53728254776851,6038900
2019-02-21,94.8231430053711,95.50103605752615,94.30860105499235,94.33310216245695,4825900
2019-02-22,95.36216735839844,95.37033023794721,94.40658079870138,94.8312873210569,4865400
2019-02-25,94.79047393798828,95.80323208769778,94.504617295412,95.69705231244983,3755900
2019-02-26,94.71696472167969,95.14983421510722,94.27592611577039,95.04366067767255,4074600
2019-02-27,94.22692108154297,94.49643947329945,93.44285454936428,94.36576483353977,4175100
2019-02-28,95.21330261230469,95.69085268275933,94.03589814576179,94.47227772396735,5586300
2019-03-01,95.65792083740234,95.8143611752506,94.87573171163181,95.39444601045207,3629100
2019-03-04,95.649658203125,96.27541309431791,95.09800892304892,95.96253878958825,4383100
2019-03-05,95.5344009399414,96.18485569303046,95.22976194792999,95.49323673434402,3785400
2019-03-06,96.05310821533203,96.19307780221295,95.1638785779705,95.32854794115588,4770700
2019-03-07,95.592041015625,96.60477601037663,95.26269594438754,95.68261106725868,4858300
2019-03-08,94.87571716308594,95.72377643598375,94.0770574496239,95.36973160264701,5003300
2019-03-11,95.9954833984375,96.09428880223815,94.66988035075275,94.93335514581989,4821600
2019-03-12,95.97903442382812,96.50598409879689,95.51795502866436,96.12723941252156,4356400
2019-03-13,95.98725128173828,96.79414006778103,95.88844588107136,96.23425536080397,5968600
2019-03-14,95.09805297851562,96.31662819623035,95.05688247751864,96.21782276287949,8986600
2019-03-15,95.22977447509766,95.94609330771881,94.99099943697885,95.24623890315557,18194200
2019-03-18,96.55537414550781,96.65417955547115,95.55088074535483,95.64967987358315,9476000
2019-03-19,97.23052215576172,97.77394245114382,96.53890317807675,96.6294732273071,6751700
2019-03-20,97.41990661621094,98.37500675759559,96.62124680736848,97.2140667183334,5733500
2019-03-21,98.34205627441406,98.53142543313973,97.16465199101232,97.16465199101232,4305600
2019-03-22,99.3959732055664,99.86528793238082,98.35030298223947,98.39147347546725,6668100
2019-03-25,99.50301361083984,99.86529387123575,98.8690294368827,99.01723442688687,4275400
2019-03-26,100.46632385253906,100.58159996222415,99.84057515273145,100.00524454073671,4583000
2019-03-27,100.35928344726562,101.42965325124442,99.78293434157497,100.82859808525205,5318500
2019-03-28,100.31812286376953,100.83684339182577,100.11228297974336,100.35929335326867,3694700
2019-03-29,100.90272521972656,101.07562998830491,99.84881961614099,100.68864995693343,5758800
2019-04-01,100.44986724853516,101.1826567611701,100.11228681058188,100.93564637819281,5025700
2019-04-02,100.18639373779297,100.66394380081852,100.08758832697335,100.36753385009473,3242600
2019-04-03,100.08759307861328,100.63924879637707,99.41243844363072,100.18639849412367,4534400
2019-04-04,100.01349639892578,100.55691049440519,99.76648599442163,100.29343566107734,3022500
2019-04-05,100.13699340820312,100.17815761776217,99.47830323790821,99.9146828059912,3971500
2019-04-08,100.44986724853516,100.48280238504779,99.79941243631431,100.21932757468169,3140100
2019-04-09,100.58984375,100.61454353364074,99.50300929765925,100.23579886043333,3864400
2019-04-10,100.4828109741211,101.0262250686921,100.16993657310965,100.73805045174267,2681100
2019-04-11,100.17815399169922,101.06738380489017,99.76647422059987,100.74627408597145,3399700
2019-04-12,100.63924407958984,100.72157878112193,99.75001422687912,100.06288860539509,3501100
2019-04-15,101.81664276123047,102.09658198692972,100.74627285673813,100.81214312692667,4419800
2019-04-16,100.7874526977539,101.94838647930608,100.3593021835365,101.45437197052355,5263700
2019-04-17,104.57490539550781,104.65724009982262,101.9648506684082,102.91995082731866,7318200
2019-04-18,104.6407470703125,105.6040760969641,104.34434345434842,105.57937631911159,6331200
2019-04-22,104.10558319091797,104.76426705984457,103.64449757276104,104.3772870674611,3707000
2019-04-23,104.6407470703125,105.011262583302,103.84209369890088,104.30317297010494,4464100
2019-04-24,104.50081634521484,105.37358193828938,104.29497641090026,104.90426713932156,3517200
2019-04-25,103.85033416748047,104.07264475601856,103.06814513488406,103.45512511499994,4433700
2019-04-26,104.07264709472656,104.77250144726112,103.84210742864316,104.17144621919958,3033800
2019-04-29,104.31140899658203,104.53371328042346,103.75975340013485,103.85855879391659,2793400
2019-04-30,105.43118286132812,105.71112206646691,104.02323263682904,104.60782338964805,4963600
2019-05-01,104.76425170898438,105.39000663224884,104.57488255858803,105.2665014618799,3810800
2019-05-02,104.42670440673828,105.01952435124171,103.88328403036496,104.76427859185326,2875900
2019-05-03,105.11832427978516,105.53823317552704,104.50080454656239,104.64900953380527,2854900
2019-05-06,104.78897857666016,105.08538854947969,104.36906968327875,104.81368464250806,2883900
2019-05-07,103.72685241699219,104.5255060081183,103.06816217829044,104.27026652444582,3558900
2019-05-08,103.75977325439453,104.35259316705205,102.87877874023272,103.57863942040268,3844700
2019-05-09,103.78446960449219,104.18791400883522,102.79643441529944,103.55392366313299,3127200
2019-05-10,105.39825439453125,105.62056499696573,103.43043179975236,103.85857601365815,3720400
2019-05-13,104.69839477539062,105.34061416645125,104.26200897315275,104.58311866868307,4297200
2019-05-14,104.90424346923828,105.80993143778392,104.80543806163618,105.02774237657232,5150300
2019-05-15,106.5015640258789,106.92970195103686,104.6489987356314,104.6489987356314,3751900
2019-05-16,107.25904846191406,107.65425751475131,106.01576754292068,106.51801735394127,4812900
2019-05-17,107.45665740966797,107.75306736968673,106.74856764759375,106.97087825847545,4011700
2019-05-20,107.02849578857422,107.4072340871521,106.66621563273956,107.0696537089,3965600
2019-05-21,106.25455474853516,107.51429388232495,106.08988534765172,107.51429388232495,4080800
2019-05-22,107.09437561035156,107.56368398978363,106.172204432231,106.29571589463755,3588000
2019-05-23,107.01205444335938,107.77777288544536,106.63330347739551,106.70741539394511,3901400
2019-05-24,106.62507629394531,107.43196524542479,106.18046760412192,107.30846632143813,2702700
2019-05-28,105.08540344238281,106.95442732534855,104.86309907213052,106.62508844819499,8806000
2019-05-29,105.52999114990234,105.64526098341766,104.43492144977215,105.0442120346214,5502700
2019-05-30,105.89227294921875,106.13928332859496,105.20888301044815,105.51352202571259,2710300
2019-05-31,105.3900146484375,105.76052390599216,104.55841980521654,105.3900146484375,4191200
2019-06-03,106.19690704345703,106.34511828960275,104.97010312133612,105.2747484042186,3588700
2019-06-04,106.2710189819336,106.88029698442237,105.40648897563906,106.83089742351454,4242400
2019-06-05,108.18122100830078,108.35413205808867,106.09812215477106,106.3945321233568,5084200
2019-06-06,109.46261596679688,109.70314555467024,108.28488661937592,108.71617188850863,5528000
2019-06-07,110.69840240478516,111.72684794169227,109.96853701372495,110.17588398568935,6332700
2019-06-10,110.79792022705078,110.87256209649968,109.77777671155289,110.45786817006672,2957900
2019-06-11,110.4744873046875,111.4199891889556,110.05150394911881,111.18776154407975,3553600
2019-06-12,110.42469024658203,111.50289690850221,110.026587649495,111.14625357669976,3302800
2019-06-13,110.25881958007812,110.9637916386933,109.35478988731955,110.68180281524724,2851400
2019-06-14,110.08466339111328,110.75646563217157,109.94366895272073,110.31689101381352,3291800
2019-06-17,109.9104995727539,110.50765993578688,109.38798109123597,110.07637463905054,2725800
2019-06-18,109.52896881103516,111.48632484635185,109.36309375491454,111.48632484635185,4378200
2019-06-19,110.18417358398438,110.54909358305795,108.92350059256025,109.5289501391418,4349900
2019-06-20,111.27070617675781,111.51122314793938,110.59060188676588,111.0301765501187,3847500
2019-06-21,111.10478973388672,111.60241479587995,110.83109025483665,111.27066475455113,7696300
2019-06-24,111.25408935546875,112.16642108268607,111.08821431109868,111.67707261693059,3685800
2019-06-25,110.98040008544922,111.53608849590233,110.75646179437068,111.12139451895621,4176300
2019-06-26,109.74463653564453,110.94724671743452,109.72804523055937,110.35837561376009,6024100
2019-06-27,109.22207641601562,109.84411723759173,108.96496823463663,109.68653153791999,4750900
2019-06-28,108.75765228271484,109.81926790825743,108.45077011758858,109.71144341871658,6318500
2019-07-01,109.37139892578125,109.71974039074448,108.70789860516027,109.47093409824032,3544800
2019-07-02,109.83583068847656,110.01829703420509,108.9401029163879,109.55384184706143,3233300
2019-07-03,111.12966918945312,111.2126003711897,110.11781512191685,110.29197946238054,2859200
2019-07-05,110.32518005371094,110.7149933722651,109.10597884979981,110.217355578869,3356000
2019-07-08,109.94365692138672,110.63205039029323,109.51237167408705,110.39153347005114,5854500
2019-07-09,109.2635726928711,110.64034706673372,108.41759344341024,110.30859695011867,8233200
2019-07-10,111.47801971435547,111.51949163636841,109.37136756845382,109.81094209979278,6141500
2019-07-11,111.42827606201172,111.75173685605351,110.59888811262705,111.3121622553161,3944200
2019-07-12,110.54080200195312,111.49459288414873,109.98511370953577,111.13796221434707,4481200
2019-07-15,111.26237487792969,111.27067685591017,109.93536191284086,110.80622168535636,3077900
2019-07-16,110.97209930419922,112.16641985936549,110.35005840300467,111.20432689487549,4019700
2019-07-17,110.1261215209961,111.37020333904209,109.86901330347267,111.07162319649287,4105100
2019-07-18,110.20905303955078,110.47445055020167,109.08108514451466,109.98511479383205,3698600
2019-07-19,107.89505767822266,110.46616496361997,107.82870513445296,110.44957366381412,5022000
2019-07-22,108.05265808105469,108.49223266978153,107.51356099086682,108.22683511406694,4411700
2019-07-23,108.43416595458984,109.6782476594846,108.16046646085857,108.75762669164433,4145800
2019-07-24,107.16520690917969,108.81568058871675,106.67585847212703,108.81568058871675,4669700
2019-07-25,106.9827651977539,107.43062915991004,106.485127323841,106.68418500449754,3335200
2019-07-26,108.83228302001953,108.99815807162561,106.75052391313451,107.35597354645155,4580800
2019-07-29,109.08938598632812,109.52896054683592,108.79909516842844,109.06450536256011,4533400
2019-07-30,108.21855163574219,109.54557760754227,108.01120461861453,108.93182588087966,3367900
2019-07-31,106.00405883789062,108.2185228736026,104.70192016951832,108.2185228736026,5757600
2019-08-01,105.44837188720703,107.32278389258639,105.14149610139476,106.9578638652075,6199400
2019-08-02,106.09530639648438,106.84176315426409,104.91757701114052,105.41520852193234,5573300
2019-08-05,103.17586517333984,107.11545171990456,102.74457988357375,106.45195146544121,6192800
2019-08-06,104.87610626220703,105.33227217674083,103.15927341763226,103.4910298711361,6258600
2019-08-07,105.97920227050781,106.44365754598253,103.36662869050542,104.83464905834717,6149000
2019-08-08,107.38085174560547,107.61307934369883,105.33226263313874,106.24459437954475,3702100
2019-08-09,106.6592788696289,107.60478047958874,105.59765714319107,107.57989985738878,2929500
2019-08-12,106.4519271850586,107.11542728818569,106.05381826436506,106.53485837022285,2920800
2019-08-13,107.76236724853516,108.13560193993882,106.11189337378607,106.39388223157314,4088200
2019-08-14,107.09056854248047,108.26000859462134,106.82517097810752,107.42233131726644,6232700
2019-08-15,108.41759490966797,108.83228888877305,107.32279673021173,107.53844569883816,3701800
2019-08-16,109.28013610839844,109.74460392455994,108.35122578698338,108.99814728303372,3405000
2019-08-19,109.95196533203125,110.1841929429038,109.42944687984017,109.53727136183659,3101200
2019-08-20,109.52896881103516,110.39153935159129,109.42114432960174,110.14272043968258,3160300
2019-08-21,109.76119232177734,110.83939912948021,109.16403201767898,110.23394950229483,2936900
2019-08-22,110.026611328125,110.25053696848455,108.91523448370906,109.27186523680798,2484200
2019-08-23,108.04436492919922,110.59888117164186,107.43890265221798,109.85242447076848,4239500
2019-08-26,110.92231750488281,110.9306068260659,108.30973861066116,108.50050689694184,3954100
2019-08-27,111.76832580566406,112.2659636833483,110.8725852191066,111.30387053606914,7187800
2019-08-28,112.12495422363281,112.24935734866732,111.37020818387609,111.55267453756355,3972600
2019-08-29,112.8133316040039,113.16167295981943,111.56924990946844,112.47327957018872,3045200
2019-08-30,113.4022216796875,113.71739318050389,112.59771427899291,112.8880051513719,3742800
2019-09-03,114.00767517089844,114.18183955639162,112.69724066830696,113.08705402406639,2989800
2019-09-04,115.40931701660156,115.43419764025836,113.83348512621646,114.29794030841609,3201700
2019-09-05,113.55953979492188,115.9145827719657,113.20044454627408,115.9145827719657,4994600
2019-09-06,114.72036743164062,114.76212595733226,113.59296369544435,114.35291279421502,3051600
2019-09-09,113.9102783203125,114.14411072724984,113.10021150238293,113.9102783203125,4062100
2019-09-10,113.45930480957031,114.00212723923516,112.47385744224619,113.35909457465588,4175000
2019-09-11,113.87689971923828,114.23599500085146,112.64092638178236,112.9666224890482,5005100
2019-09-12,114.6535415649414,115.48866099950928,114.19423607025811,114.19423607025811,4146900
2019-09-13,113.94371032714844,114.36961669856109,113.30901133102839,113.64306678764756,4008200
2019-09-16,112.64092254638672,113.99381206236193,112.22336279524254,113.9019484073937,2953600
2019-09-17,113.32569885253906,113.83512219095617,112.33190473801135,112.70771865843054,4013300
2019-09-18,113.15867614746094,113.57623583804197,111.98951411099821,113.4175611167555,2647800
2019-09-19,113.14195251464844,113.442595954611,112.80790991153825,113.08350079341297,2804500
2019-09-20,112.49894714355469,113.37581237505503,112.306860494429,112.7411261780932,6671100
2019-09-23,113.10859680175781,113.36748183005422,112.70774297545734,112.70774297545734,3346500
2019-09-24,113.0417709350586,113.95204809073454,112.39037877384904,113.78502674684444,4798500
2019-09-25,112.81626892089844,113.29229306272387,112.33189817309551,112.91649190717794,3579500
2019-09-26,113.3424072265625,113.85183057584827,112.74946683919937,113.46767004076764,4309600
2019-09-27,113.24219512939453,113.77667103280957,112.46552746524931,113.77667103280957,3559400
2019-09-30,114.49488067626953,115.02099725992154,113.46767458698747,113.63470866983464,3705200
2019-10-01,114.72036743164062,115.19639168728189,113.65141543708228,114.35291279421502,3638900
2019-10-02,111.85588836669922,114.72870098468792,111.48008720580292,114.31948791358613,5728600
2019-10-03,115.18801879882812,116.70794230356506,113.9938041104589,115.6139378707481,8829700
2019-10-04,117.15055084228516,117.29251961408032,114.92913013391401,115.1128574251574,5278700
2019-10-07,115.53044128417969,116.59104673389965,115.22145111291165,116.32380234789531,4273300
2019-10-08,114.61180114746094,115.62228857451404,114.47817897338241,114.95419044703331,4074900
2019-10-09,115.1212158203125,115.38844740532568,114.26939045369309,114.67860355223527,3065300
2019-10-10,115.15460968017578,115.45525316377254,114.11071046531346,114.50321758953451,2191000
2019-10-11,114.94580841064453,115.83103274097122,114.48649029314258,115.3132629046461,2761400
2019-10-14,114.78713989257812,115.49699636169493,114.61177198377143,115.11283589469919,2371500
2019-10-15,113.85182189941406,115.20471116137209,113.70985313983044,114.81220404956034,3369300
2019-10-16,113.92700958251953,113.98547406869581,113.22551220588394,113.693177123641,2812000
2019-10-17,114.37796783447266,114.9291369982111,114.0773243165645,114.46983148558103,2322500
2019-10-18,113.78499603271484,114.72032550035404,113.76829007996179,114.63682122240527,3630400
2019-10-21,113.67644500732422,114.19422768391037,113.29229723166488,113.86017228886925,2829400
2019-10-22,114.12742614746094,114.70366060204111,113.83512924522388,114.11906679756699,3248100
2019-10-23,114.78713989257812,114.82889840421593,114.08564277153408,114.08564277153408,2323600
2019-10-24,115.15460968017578,115.33833696142437,114.2359732739328,114.99593496065106,2292500
2019-10-25,114.11071014404297,115.17966191761961,113.76830814423366,115.06274571560061,2520000
2019-10-28,114.05228424072266,114.87069784017889,113.70152281232822,114.03557828153407,3212600
2019-10-29,113.64303588867188,114.51155435391044,113.52611969637228,114.26937536375743,2550300
2019-10-30,114.32783508300781,114.65353112311074,113.08351539428874,113.45931655703671,2653700
2019-10-31,114.5533218383789,114.85396531968028,113.65975074359247,114.24433175087007,4492300
2019-11-01,114.35289001464844,115.53041139285533,114.16081612622439,114.87067269283686,3054900
2019-11-04,112.87474060058594,114.49487426738919,112.51563263405941,114.24433590005383,3202400
2019-11-05,111.91436767578125,112.82465768102003,110.73685878050458,112.59917183174866,4300800
2019-11-06,112.2734603881836,112.64091498338459,111.53020459076755,112.32356551609074,3645600
2019-11-07,111.33811950683594,112.32355423782742,111.17108544003518,112.2483965535132,3338700
2019-11-08,111.17948150634766,112.01460114451046,110.71181654784277,111.31309096383876,2604000
2019-11-11,110.56146240234375,111.09593833543806,110.21071376589855,111.09593833543806,2227200
2019-11-12,110.21906280517578,110.80364387881828,109.89336672536699,110.80364387881828,3246500
2019-11-13,111.31304168701172,111.54688680565837,110.24409004280737,110.76187265443453,3166600
2019-11-14,111.34648895263672,111.83085981131165,110.8454121352729,111.5719747947417,2141900
2019-11-15,111.74734497070312,111.83920863093944,110.90387881247015,111.62208213534137,3648700
2019-11-18,111.95610046386719,113.31734911178687,111.83083765579924,111.90599534064002,3619700
2019-11-19,112.38202667236328,112.7912270334516,111.96446696159651,112.44882501232419,3019100
2019-11-20,111.6888656616211,112.90813276791465,111.4049154000302,112.16487706142038,3047700
2019-11-21,111.83086395263672,112.08140237059658,111.14605979307399,111.42999738673564,3391200
2019-11-22,111.96446228027344,112.34861006208712,111.08758437574399,111.83918672653462,3014900
2019-11-25,111.7640380859375,112.55739901885372,111.24626810205964,112.45718876208035,3612400
2019-11-26,113.32569885253906,113.46766761991292,111.7974288372877,112.14817745248972,4947400
2019-11-27,113.50108337402344,114.0105067296864,113.01671258151511,113.32570268902982,2476100
2019-11-29,113.43426513671875,113.92698250489799,112.95824098098235,113.6263390230935,2978400
2019-12-02,113.47602844238281,114.11906120714542,112.27345446441569,114.11906120714542,3866300
2019-12-03,113.12527465820312,114.12741534645548,112.17323909292686,114.12741534645548,5000000
2019-12-04,114.66187286376953,114.72032458357573,112.35693563278085,112.69933757548688,4228200
2019-12-05,114.65768432617188,114.82587552151942,113.75785437337136,114.53154413770262,3351800
2019-12-06,115.51549530029297,115.79301659320866,114.65770337965971,114.9352246725754,3216900
2019-12-09,115.34727478027344,116.08731854125259,115.21271670294468,115.33885688033756,3882900
2019-12-10,114.59883117675781,115.72572637958152,114.5147291571342,115.72572637958152,2940200
2019-12-11,115.29683685302734,115.66685237566222,114.64088216303082,115.25478584322417,3339100
2019-12-12,115.36408996582031,115.96958850814062,115.00247955335503,115.04453055838161,3502100
2019-12-13,116.00325012207031,116.26394842343548,114.53155457240658,115.15386333510618,3557900
2019-12-16,115.26317596435547,115.65002723934248,114.50630921471922,115.17066888765194,4701000
2019-12-17,114.51473236083984,115.58276644553996,114.11107088611995,115.25478909129875,5491800
2019-12-18,114.3465347290039,115.46502483122491,114.06060840180443,115.25478262025479,5370500
2019-12-19,114.76702117919922,114.99408636406636,114.32971377964638,114.55677896451353,3641700
2019-12-20,115.98644256591797,116.16305170150233,113.66537275298742,115.55755299688244,10311300
2019-12-23,115.24635314941406,116.16301884966417,115.07816196395625,115.79299054235805,2992900
2019-12-24,115.1202163696289,115.53229569351572,114.5988198296554,115.28840756005597,1220600
2019-12-26,114.95201873779297,115.49864328409181,114.45585026257837,115.09498188325321,2934700
2019-12-27,115.66683197021484,115.70047790498833,114.90156018833592,115.1118023680952,2554000
2019-12-30,115.05294036865234,116.02846726395055,114.77541912263654,114.96043328664707,3024700
2019-12-31,114.93523406982422,115.43140271037672,114.39701441196736,114.95205704317974,3229400
2020-01-02,114.22039794921875,115.40615430208499,113.64853244556113,115.10340499595249,3784100
2020-01-03,114.06058502197266,115.0360989284695,113.64010068622215,113.91762188767711,4000100
2020-01-06,114.49788665771484,114.64086263312194,113.69896893622226,113.78307094150121,4085100
2020-01-07,112.6982192993164,114.43062572994997,112.64776322668762,114.3717517571064,5718100
2020-01-08,113.27849578857422,113.83353828116928,112.74869416579314,113.07667148738739,3681400
2020-01-09,113.35416412353516,113.85034540327484,113.13551688362813,113.77464846870055,3954700
2020-01-10,113.13553619384766,113.8839979427046,113.01780107039262,113.6737557342373,3099500
2020-01-13,114.81749725341797,114.867953340583,113.21966127640493,113.23647141734752,5127200
2020-01-14,115.08660888671875,115.16229301443607,114.1194868701586,114.52314838348582,4159700
2020-01-15,117.0628433227539,117.10489432521018,115.04452352649572,115.24634780682295,5002600
2020-01-16,117.40766143798828,117.87019687103987,116.55828752068719,117.18901415698492,4977900
2020-01-17,118.79525756835938,118.84572647941437,117.65153939561074,117.81974343479428,6908700
2020-01-21,119.2998275756836,119.51847483144773,118.02155148066953,118.24861663653235,4440000
2020-01-22,120.5781021118164,120.73788822564798,119.18209092295218,119.25777502987305,5366100
2020-01-23,120.80519104003906,120.97339510483117,119.72875175264582,120.33425045582558,3915700
2020-01-24,120.19125366210938,121.22564164409916,119.79599731826131,120.95653831357394,2791500
2020-01-27,119.5353012084961,120.5612841409408,118.61864832313381,119.12322188901743,3895300
2020-01-28,119.78759765625,120.19125908633751,119.21573220080764,119.52689938198169,2908300
2020-01-29,119.19049835205078,119.79599688374245,118.71955790121613,119.41756350947638,3263200
2020-01-30,120.95657348632812,121.06590356323352,119.01393713861061,119.68671490880693,4058500
2020-01-31,119.43437957763672,121.6461185551842,119.05594622523358,120.93970791974311,4753100
2020-02-03,119.846435546875,120.31738876146287,119.28298810131933,120.06509560454583,3977800
2020-02-04,120.44352722167969,121.14993778533368,119.50164647014105,120.42670425621284,3494300
2020-02-05,121.35181427001953,121.59568960372773,120.62016260456095,120.83040482857963,3504900
2020-02-06,121.37704467773438,122.19278554941091,121.15839738007044,121.63774298745564,3571400
2020-02-07,122.25164031982422,122.5459845566954,120.9565539083575,121.31816436240885,3138500
2020-02-10,122.49551391601562,123.13464556058275,122.04980149522349,122.72256624438253,3775600
2020-02-11,122.84870910644531,123.08417931562414,121.83113133436511,122.95803914362261,3870500
2020-02-12,122.84870910644531,123.40375152757997,122.23480554909794,123.35328262661537,4217400
2020-02-13,123.17671203613281,123.73175457284954,120.69585642356567,122.15072898298979,5041400
2020-02-14,123.6140365600586,123.74858184611983,122.73101655340787,123.26083112383199,3555600
2020-02-18,122.44509887695312,123.79064165835575,122.27689480112963,123.71495752353678,4938700
2020-02-19,122.38619995117188,123.1851178198987,122.3525668421606,122.4618840705723,2978800
2020-02-20,122.07506561279297,122.613285270498,121.05748745585736,122.58805722655626,2805900
2020-02-21,122.65532684326172,122.71418799720381,121.78071194673137,121.99095418483627,4271800
2020-02-24,119.95580291748047,123.7485680221906,119.88852386588135,122.66372379155152,5027700
2020-02-25,118.66072082519531,121.41909788133515,118.21500832011078,119.91375631481628,7585800
2020-02-26,119.4007568359375,120.88927533216454,118.71116903372588,119.78760816315375,6157200
2020-02-27,114.68292999267578,120.37629329712969,114.63247390953208,118.92142062709331,8605000
2020-02-28,111.0331039428711,112.47957123125936,107.93834507703146,112.05068178483539,14164000
2020-03-02,115.70050811767578,115.86029426916382,110.77242962397041,111.00789990021563,8504500
2020-03-03,114.01856231689453,117.458121957178,113.31215153724953,115.3725227272975,8728300
2020-03-04,119.74555969238281,120.01467589652981,114.38017406974576,114.53155514262018,7635700
2020-03-05,116.92198944091797,119.73285157025875,115.7112771654896,117.52310174899102,6579100
2020-03-06,116.21077728271484,116.98122925077594,111.29175965692563,111.38489135546939,6754900
2020-03-09,110.19962310791016,112.90043024424722,108.52325203919607,110.2165467535076,8716300
2020-03-10,113.56926727294922,113.93333232642254,107.40567601847874,111.79977753254816,8258600
2020-03-11,109.85247802734375,112.21461811336565,108.05758357542227,110.55519677808432,7465100
2020-03-12,97.65229797363281,105.83091411711881,96.17066517599315,103.37563561772038,12808300
2020-03-13,107.90518951416016,108.02371961250152,97.42369887624866,102.17339046926121,12007700
2020-03-16,95.74732971191406,104.8318571015577,94.82448735513326,97.1019704130833,10733300
2020-03-17,108.13379669189453,108.252326799885,98.54128101065082,98.80373961271452,14242300
2020-03-18,102.37659454345703,108.13379902464985,96.32306478589544,102.30886120617086,15250800
2020-03-19,99.34556579589844,103.36713944732132,98.26185856123028,102.80835573043508,9393500
2020-03-20,87.99205780029297,100.28537426450096,85.86697118043801,100.1075790992487,13093200
2020-03-23,89.05036926269531,95.56108950467421,87.09461593514398,89.74461983702052,13926800
2020-03-24,96.38230895996094,96.88183413996617,92.59780160555273,93.07192194502468,11447000
2020-03-25,95.24781036376953,98.51586908500332,94.01170622217728,95.45100388391202,9485500
2020-03-26,101.81782531738281,103.12166318051665,95.31557256817673,95.42563441255668,10376800
2020-03-27,101.98714447021484,105.53459912379316,99.89592437016482,100.38698140973264,9852500
2020-03-30,106.2373046875,106.54209176894838,102.87611391598031,102.96077735301631,6916800
2020-03-31,101.68232727050781,106.42355029127765,101.19973862563207,105.780103071047,7091700
2020-04-01,100.00597381591797,103.54495951986162,97.93168421260938,99.28631849797891,6873000
2020-04-02,104.86573791503906,105.98331212271914,98.61748299838312,99.24400020859908,6181800
2020-04-03,105.4837646484375,106.14415484714604,103.66347845501569,104.29846381348518,5552000
2020-04-06,111.04625701904297,111.86750588954831,106.07643530892246,108.929638882444,8242200
2020-04-07,110.47053527832031,114.36511799734518,110.3096702254875,112.35856804504893,6253900
2020-04-08,112.27388763427734,112.84960153912168,109.32755894501418,109.75934437364742,5241100
2020-04-09,113.1374740600586,114.36510996610214,111.34257313844714,111.83363008462686,5502400
2020-04-13,110.81765747070312,112.90041537936062,109.5815468077287,111.49497785101192,3785000
2020-04-14,117.17595672607422,117.37069486602431,112.05375196389473,112.7903308273281,6278700
2020-04-15,114.32276916503906,116.46478552472323,113.19672685077327,116.10919525476733,5773100
2020-04-16,114.8392333984375,115.96527580026677,113.32374049300529,115.96527580026677,4564000
2020-04-17,116.45634460449219,116.83733332505037,114.22119613589592,116.60873492519018,4866500
2020-04-20,113.9163818359375,116.31239493048062,113.88250871385168,115.93986810040171,3995400
2020-04-21,110.86000061035156,112.55329522686816,110.56366888493608,111.87597479649898,4359500
2020-04-22,112.28236389160156,113.17134616490496,111.09706280640565,112.12997357442477,4084600
2020-04-23,110.28427124023438,113.56926685634484,110.08954598098617,112.18076581881166,5527700
2020-04-24,113.75550842285156,114.14497178528218,110.6144418995485,110.8007053008662,4063100
2020-04-27,113.8401870727539,114.47517246648704,113.35759197248748,113.80631395055403,4009200
2020-04-28,115.41495513916016,116.56638295538076,114.00951765456902,115.80440562551446,6674200
2020-04-29,112.90885925292969,115.97371766108937,112.51939589754784,115.79592900229198,6706800
2020-04-30,112.0029525756836,112.74800624684701,110.41972644327237,112.10455902463109,6783000
2020-05-01,110.18269348144531,111.9521834688063,109.65777622097623,111.01240432643516,4488000
2020-05-04,110.84306335449219,111.20712841255157,109.48843542102875,110.20807787726515,5245300
2020-05-05,111.47804260253906,112.88348014745007,110.71606523996951,111.4526442183742,3580000
2020-05-06,110.72452545166016,111.95216137075367,110.64833030027356,111.40184583010158,4192200
2020-05-07,111.37643432617188,111.7574229570361,110.16572219302269,111.37643432617188,5528000
2020-05-08,113.6454849243164,114.43287377980171,112.14692822185066,112.66338368913866,4209100
2020-05-11,113.77244567871094,115.31333674044558,112.74799696519598,112.96812056864094,3591100
2020-05-12,112.55329895019531,115.46576785396002,112.48556561303647,114.09419038441638,3914600
2020-05-13,112.57023620605469,113.8486690409008,111.29179045239539,112.75648673586983,5168500
2020-05-14,112.67182922363281,113.07821632836108,110.19114580699974,112.35857384278114,5522200
2020-05-15,115.10167694091797,116.54944924518124,112.42626885843964,113.25599236325027,20338200
2020-05-18,114.7376480102539,116.828867916624,114.34818456017952,115.86369049205418,8480300
2020-05-19,111.52885437011719,114.09419486626955,111.24945918791666,113.81479968406902,6640300
2020-05-20,111.13091278076172,112.33315031897588,110.35199886524882,112.214620221372,8213100
2020-05-21,110.24193572998047,111.28330815108387,109.73394225105592,110.89384476140029,4886300
2020-05-22,110.47053527832031,110.59754012367844,109.36142939044665,109.73395626673054,3429200
2020-05-26,109.85247802734375,111.79976923895106,109.55614632949491,111.70663752695384,5579300
2020-05-27,110.74991607666016,110.77531445867636,108.86189647352825,109.82707374657616,5686500
2020-05-28,112.0029525756836,112.3754794112653,110.15726787787916,111.08858496683345,4974400
2020-05-29,111.37643432617188,111.96062292227509,110.33506195679361,111.76588477770056,13337900
2020-06-01,112.59563446044922,113.40840867276917,111.07166666383286,111.41879517394248,4049200
2020-06-02,112.29084014892578,113.28987780296289,111.01239440533305,112.64643047928541,5327500
2020-06-03,112.45169067382812,113.68778838832463,112.2654272507432,112.80728095822347,5421200
2020-06-04,111.40479278564453,113.955908844515,111.07202493196236,112.27506664899502,5229700
2020-06-05,113.00029754638672,113.92177539303516,111.57542374304902,111.77166041752211,7075700
2020-06-08,112.80406951904297,113.02590173244845,111.97644619571494,112.09589631356195,5613000
2020-06-09,113.4525146484375,113.6060877965026,111.81433597364236,112.47984565343141,6446900
2020-06-10,114.44225311279297,115.32106752206064,113.62315725549871,113.71701185353152,7069900
2020-06-11,109.07551574707031,115.30401716004845,108.75129486482402,114.51905722858193,8541000
2020-06-12,110.06523132324219,110.85871860222501,108.72567799310073,110.19320894272768,7039500
2020-06-15,111.3280029296875,111.73755739199609,107.95779074218548,109.45945138005375,5481000
2020-06-16,112.34333801269531,113.52931183695519,111.02084603133363,113.2050844686104,5197700
2020-06-17,112.42009735107422,113.51221630505873,112.18973766326216,112.5310199542255,3309700
2020-06-18,113.2904052734375,113.5890370981099,111.45598983355643,112.13002704075691,3417200
2020-06-19,112.01058197021484,115.03098432383494,111.95939091660907,114.68116143207824,8310100
2020-06-22,111.8143310546875,112.42010913752166,110.87578512751116,111.38772163671393,3379900
2020-06-23,112.0788345336914,113.2050767048217,111.75460718758266,112.3006667594522,3625600
2020-06-24,110.54301452636719,111.83138311699602,109.79217789178001,111.36211022037904,4853500
2020-06-25,112.12149047851562,112.39451373639125,109.25467466584729,110.18468007346193,4442000
2020-06-26,110.00550842285156,112.94058357246668,109.26321213317227,112.35186043827106,7372700
2020-06-29,111.83993530273438,112.11295858161083,110.43211630214766,111.07203047902692,4173900
2020-06-30,112.84673309326172,113.3245466389801,111.6437042740986,112.47985519570189,4626700
2020-07-01,112.93206024169922,114.0071114270577,112.57370984657973,113.07710590026511,3633000
2020-07-02,113.35012817382812,114.47637027342056,113.08561939722716,113.93883823777058,2769200
2020-07-06,113.73407745361328,114.2886645089371,112.88938608931298,113.54636826154655,4221600
2020-07-07,113.96446990966797,114.86033945878648,112.76995547902834,112.85528258803437,4424500
2020-07-08,114.51905059814453,114.92006455348182,113.61464057771173,114.46785954326542,3798200
2020-07-09,113.23069763183594,114.28015334178636,112.39453364980818,113.39279830353009,4005200
2020-07-10,114.72381591796875,115.09069378587915,112.01057311946381,112.94057857071691,5932800
2020-07-13,115.10777282714844,117.80394786085502,114.73235440231738,116.69476061087819,8960000
2020-07-14,115.62821960449219,116.84831628347119,114.54462804394649,114.83471932186072,6766800
2020-07-15,114.06684112548828,116.199888455925,113.69142271227739,115.48318767747932,5561300
2020-07-16,114.22895812988281,114.63849958390034,113.52078483327843,114.38253129298135,3788100
2020-07-17,114.89444732666016,115.23572964079054,113.94737393299974,114.88590680640115,3229300
2020-07-20,113.57196807861328,114.85179642612115,112.77846773323304,114.85179642612115,3620300
2020-07-21,114.69820404052734,116.3875867414554,114.15214449593783,114.33132618327983,5435400
2020-07-22,116.04630279541016,116.25108002691633,114.05830111229237,115.6623568780379,3522300
2020-07-23,116.95926666259766,117.10431233598722,115.6026515240518,116.54118464935296,5011400
2020-07-24,116.08895874023438,118.29026501312369,115.51730365287315,116.88245906863126,3300000
2020-07-27,117.46265411376953,117.53944069653812,115.0565833867354,115.6367660375492,3607700
2020-07-28,117.2152328491211,118.2476205701247,116.967792043232,117.72715644842476,3787500
2020-07-29,117.68446350097656,118.59741387130532,116.9250992854417,117.21520357358892,3179000
2020-07-30,117.47969818115234,117.93190310180134,116.44729770891925,117.0957523265183,2817600
2020-07-31,117.4541244506836,117.48824748047927,115.35520009332791,117.11282905728653,4304100
2020-08-03,116.63502502441406,117.31760277163016,116.03777437775784,116.98484790998687,2819200
2020-08-04,117.2919921875,117.39437427975807,116.05482750273306,117.33465573230285,2553500
2020-08-05,116.25109100341797,117.87220192720618,115.84154952082424,117.87220192720618,2924000
2020-08-06,115.91832733154297,116.2852052317156,115.41493127447858,115.41493127447858,2692900
2020-08-07,116.6691665649414,116.68622157058618,115.5002477238602,115.98658878559021,3692100
2020-08-10,116.02069091796875,116.78859566357961,115.50876743998077,116.31079520982313,3052000
2020-08-11,115.28693389892578,117.27493550333828,114.86032444782664,116.86539407562753,3301200
2020-08-12,117.5735855102539,118.32440940732883,115.39787436934309,115.47466095783552,4424600
2020-08-13,117.82953643798828,118.26467339432814,116.97631752973084,116.97631752973084,2393500
2020-08-14,117.36878204345703,117.88924605882045,117.06162273899523,117.83805501125788,2461700
2020-08-17,117.67597198486328,118.50359552016033,116.93367556377635,117.31762153954236,2862500
2020-08-18,117.83804321289062,118.26465259198022,116.92509289247808,118.26465259198022,2638600
2020-08-19,116.42171478271484,118.41824385809353,116.123095983062,118.3329297806586,3682200
2020-08-20,116.65206909179688,117.01894690686674,115.72206377449024,115.74765929558419,2263000
2020-08-21,116.43025207519531,116.60089324442033,115.39785151989093,116.35345248282037,4295600
2020-08-24,117.43704986572266,117.47117289361209,116.13162597923944,116.43025780439305,3177800
2020-08-25,117.14695739746094,118.06843537036418,116.63502085059673,117.96604024953902,2597400
2020-08-26,118.1452407836914,118.30735448334865,116.36201612564032,116.53265732877294,6019700
2020-08-27,118.08548736572266,119.39091120596765,117.66741844822045,118.34999615361792,4159300
2020-08-28,119.39947509765625,119.41654312388088,117.09578628272735,118.18790561749496,3355400
2020-08-31,119.5018539428711,120.320949931051,118.59744386408411,118.87048019984044,3828700
2020-09-01,118.75955200195312,119.86019875861334,118.17935632517427,119.66396203840493,3421700
2020-09-02,122.25772094726562,122.70993890666666,118.89604967866327,119.04109531809576,4918200
2020-09-03,119.76819610595703,123.78137882898439,118.69400330709409,122.69000838648728,6642400
2020-09-04,119.24396514892578,120.57596657009499,117.6799475717218,120.01739167381551,4836400
2020-09-08,116.4854507446289,119.1322629431332,115.50578759625483,118.85726333734956,4901500
2020-09-09,117.8260498046875,118.9861831697329,116.35654841647691,116.4424890778521,4282300
2020-09-10,115.80656433105469,118.20416983129309,115.0503415708945,117.38778598456227,6050500
2020-09-11,116.70887756347656,117.19871569180603,115.35109651962466,116.20186179439028,3411900
2020-09-14,117.44795227050781,118.16121792313218,116.70031821498743,117.3276431913125,2779000
2020-09-15,116.54560089111328,117.9377634741814,116.36514387006022,117.2846459545904,4080800
2020-09-16,115.99565124511719,117.3878142658107,115.82378299061511,117.11281456844156,3353500
2020-09-17,114.46598815917969,115.62612168921187,113.1683679091802,114.62926757139074,5186400
2020-09-18,112.97929382324219,115.83234285015546,111.72463096496018,114.90425188537087,8473000
2020-09-21,112.7816390991211,112.84178706873928,111.1660491621869,112.03399210027219,4402700
2020-09-22,113.56365203857422,114.19957886576837,112.10275252428411,112.57539995579974,3951000
2020-09-23,112.57540130615234,114.13943225961846,111.58714921152368,114.03630083796607,5909900
2020-09-24,113.07379913330078,113.70112387197881,111.6472683684593,112.9534900996817,4316600
2020-09-25,114.76675415039062,115.00737227342819,112.15431008211965,112.48086886882959,4576000
2020-09-28,118.5650863647461,119.08929289086757,116.58856930989283,116.90652613119993,7487500
2020-09-29,117.8690185546875,119.91427251840899,117.84323897916146,119.15804978180516,4330500
2020-09-30,119.10646057128906,119.61347624561516,117.64554839242342,118.58225414671621,7060700
2020-10-01,120.9970703125,121.04004064373753,118.15261009480989,119.82834811144109,6483900
2020-10-02,118.64246368408203,120.23227453322775,117.04406401170517,119.6908770773995,5130200
2020-10-05,118.53070068359375,118.91742050559046,117.71431693892765,118.68539123493294,4519800
2020-10-06,116.61434936523438,119.29554308807624,116.1417019851899,118.59086642824575,5031000
2020-10-07,117.74009704589844,118.17837601609463,116.66590445259803,116.8205950046386,4347300
2020-10-08,118.46195220947266,118.70257027652497,117.52524639912487,117.97211414337967,2977400
2020-10-09,118.96900939941406,119.67367309501634,118.50495074206346,119.19243679310146,3194000
2020-10-12,122.1399917602539,123.30871375867527,120.120504556573,121.27203580293914,6167200
2020-10-13,123.35169982910156,123.7470085426474,121.95096135737619,122.2173590694005,4293200
2020-10-14,122.47518920898438,123.8415595183233,121.71036433966506,123.36032316630761,3641000
2020-10-15,121.53846740722656,122.00252605345068,120.84239255059583,121.30645119681995,3306800
2020-10-16,121.7962417602539,122.7329476090701,121.28063721512474,121.8134325122354,5076000
2020-10-19,120.0345687866211,122.48373310229228,119.66505283498003,121.461099673031,3223200
2020-10-20,120.06037139892578,121.35799141602557,119.80256253711231,121.16893245820926,2750900
2020-10-21,119.96585083007812,120.72207360480589,119.53617373271067,120.03458762647706,2560100
2020-10-22,119.97441864013672,120.4814343791868,119.45880096851498,120.13769800657369,2909000
2020-10-23,119.93144226074219,120.76501669058383,119.48457450874324,120.49861904835224,2758400
2020-10-26,118.64246368408203,119.51900882382604,117.224534201217,119.22683148148045,3431100
2020-10-27,119.5533447265625,120.21505109126518,118.84868114467564,119.08071043590711,3390800
2020-10-28,115.29955291748047,118.34167416756502,115.10190512050583,117.86042479472839,5196000
2020-10-29,115.14486694335938,116.55420722074217,113.65817482704728,114.94720604828899,3856500
2020-10-30,114.54330444335938,115.01595183007679,113.18553647817582,114.23393643684463,4303900
2020-11-02,116.1417007446289,117.06980474115649,114.96438983003232,116.53700939808992,3126400
2020-11-03,117.76589965820312,119.10650329158061,117.11279515427957,117.40497244976865,3293900
2020-11-04,118.47057342529297,121.77049048670904,118.29870520364304,119.45023671267289,4576300
2020-11-05,118.63385772705078,120.54162522541174,118.13543068477848,119.7510208829918,3667800
2020-11-06,118.91744995117188,120.11195188077261,118.01512533092253,119.07212742810881,2867000
2020-11-09,118.97759246826172,123.44623191485883,118.73697432893992,122.02830265723358,6111300
2020-11-10,121.78767395019531,122.4064100012498,117.03544644189073,117.72293240002948,5284500
2020-11-11,123.66106414794922,123.9532545416354,121.69314879933181,122.767341549445,4389800
2020-11-12,123.60948181152344,124.38290831417464,122.68137787596321,123.96182011453004,2570100
2020-11-13,124.35713958740234,124.51181703380104,123.11966756540018,123.54934462233409,2580400
2020-11-16,125.25944519042969,125.68912222772045,124.33994314923278,124.60634081432065,3399000
2020-11-17,124.81259155273438,125.55163658754033,123.84151724430143,123.97901704442873,2924000
2020-11-18,123.21418762207031,125.9555291337514,123.14543772469278,125.02742518820813,4335200
2020-11-19,123.16262817382812,123.48917379468928,122.32045176755466,122.78451029553426,4263500
2020-11-20,123.24856567382812,124.29697874377432,122.88763851883566,123.44621344884,3469100
2020-11-23,122.90486907958984,123.44625343107256,121.9252055951123,123.15407608421428,3443300
2020-11-24,123.77277374267578,124.05636217783498,122.73296259312878,123.05091942374513,4472300
2020-11-25,123.8844985961914,124.537603035866,123.48918991382006,124.13370553248582,2278300
2020-11-27,124.26262664794922,124.84698122905107,123.90168633290995,124.27980429136639,1596000
2020-11-30,123.94464111328125,124.28839062906194,122.78452091836745,124.14230200211887,4906900
2020-12-01,125.52588653564453,126.00712283656598,124.17669401590582,124.63215073732833,3999200
2020-12-02,124.27978515625,126.27349295288764,123.65246033778337,125.36257970924221,4432900
2020-12-03,125.0180435180664,125.45944486400337,123.78041880122136,123.78041880122136,4757900
2020-12-04,126.22974395751953,126.3422469144681,124.49879107887612,124.51609109925441,3592600
2020-12-07,125.81429290771484,126.84421187829257,125.16518564452261,126.0825884635216,4217300
2020-12-08,125.94412994384766,126.49803431388155,124.87958445906041,125.77968731419165,3623800
2020-12-09,126.09122467041016,126.44607306774968,124.87090010753126,125.9787085429322,3842000
2020-12-10,125.20842742919922,126.61049450345988,124.99205840138777,126.39412547564842,3985000
2020-12-11,125.46810913085938,125.58062528376628,124.1179681204614,124.30837397640175,2975500
2020-12-14,124.82763671875,126.76630828660403,124.67185733159047,125.71042619767957,3952400
2020-12-15,125.29501342773438,125.7277515976937,124.53339002264728,125.11325758565826,3183300
2020-12-16,125.39885711669922,125.90083494157487,124.54203084915147,124.61127053597431,4915800
2020-12-17,126.10857391357422,126.53264890390726,125.64985926518054,125.71044895301213,3312500
2020-12-18,127.16443634033203,127.3115789441967,125.92681147372099,126.64515844349465,8980400
2020-12-21,125.84024047851562,126.06527275366349,124.16987766808116,125.49405526368427,3946900
2020-12-22,124.6458969116211,125.49405996400908,124.17853232736245,125.14787473621152,2653700
2020-12-23,124.98342895507812,126.01334780986791,124.68917019831521,125.05266864010227,2645100
2020-12-24,125.54595947265625,125.58923591836941,124.74972305477908,125.34690366971623,883300
2020-12-28,127.14714813232422,127.74432899436358,125.96143641852048,126.16915552022364,2493500
2020-12-29,127.58851623535156,128.75691453813022,127.08653839003068,127.81353532210073,3186700
2020-12-30,127.49334716796875,128.08187808315432,127.23370156439051,127.631826584027,2224900
2020-12-31,128.35015869140625,128.48863809127369,126.91346463155722,127.64046167167754,2076800
2021-01-04,124.86223602294922,127.90005226730254,122.84567519985796,127.23363199725719,7486900
2021-01-05,125.23442077636719,125.64984571196679,123.67656076021795,124.68917967530541,4126000
2021-01-06,123.70252227783203,124.28240302517641,122.54278719538411,122.61202688471062,4843300
2021-01-07,123.30439758300781,123.89291507110819,122.16196263864495,123.598656327058,4473200
2021-01-08,124.78437042236328,124.9747762706929,122.60337958787603,123.3044132993984,4312000
2021-01-11,122.97550964355469,124.89686785709192,122.62932444725485,124.65453557845828,3902700
2021-01-12,122.40431213378906,122.89763998534431,120.69067268241149,122.57741796627076,5150000
2021-01-13,123.40825653076172,123.97082402246177,122.03215244920746,122.13600537426976,4361600
2021-01-14,122.68991088867188,123.27844161757226,122.09274335742211,122.44757859033636,4724700
2021-01-15,122.36968994140625,123.41692204439887,121.62537981698138,122.42161640490474,4309100
2021-01-19,122.94954681396484,123.39959813551317,122.41295579611949,123.22650553680036,5158600
2021-01-20,122.3177719116211,122.70723362083278,121.09744711078643,122.06677637924588,5019300
2021-01-21,120.82913208007812,121.85038765096971,120.07617201658626,121.41764955358472,5684100
2021-01-22,119.94634246826172,120.76854221072976,119.63477051040745,120.73392897368758,4014900
2021-01-25,121.32247161865234,121.45230099826497,119.0722409727023,119.48766593399561,3829000
2021-01-26,122.72455596923828,122.97553831415205,120.95032671078945,122.30046777969785,4242500
2021-01-27,119.47034454345703,123.18324532499943,119.0462696016221,121.60807209498253,6659800
2021-01-28,120.46562194824219,121.8503758015415,119.2279842428944,120.15405002017928,5514000
2021-01-29,118.19812774658203,119.83387774524965,117.7134498306499,119.53095569855743,6778100
2021-02-01,118.55291748046875,119.40109360264651,117.61820166831137,118.55291748046875,4185700
2021-02-02,119.76463317871094,120.75992579549356,118.22408618247707,118.95973322780091,3581600
2021-02-03,119.45304870605469,120.25793536710037,118.63084882041376,119.21936639544231,3609600
2021-02-04,120.88970947265625,120.95894915350253,119.2193467428907,119.2193467428907,3860300
2021-02-05,121.99755859375,123.0015011764813,120.93301311823706,121.5907836311306,4437900
2021-02-08,121.5128402709961,122.73316475264627,120.73391705630559,122.19657379168692,4112200
2021-02-09,120.82049560546875,122.1619732927265,120.7252926851356,122.14467327529877,3179300
2021-02-10,119.17608642578125,122.13601385055411,118.36253657334673,122.13601385055411,6966600
2021-02-11,116.81334686279297,119.61749505933514,116.26809252304609,119.30592303749712,7528000
2021-02-12,115.86129760742188,117.3585809798132,115.49779917893424,117.0643090276973,5659300
2021-02-16,116.30269622802734,116.67484465587772,115.45452004182728,116.45847560541993,5180100
2021-02-17,116.37194061279297,116.89988164549469,115.85264958825643,116.02574219439549,3353000
2021-02-18,117.15953826904297,117.44514707120652,115.89595009645255,116.03442949255404,3935200
2021-02-19,114.68425750732422,116.9431511342226,114.49385166857263,116.84794821484681,5414900
2021-02-22,114.23421478271484,114.76215582249378,113.16966948875634,114.27747803024008,5792900
2021-02-23,114.91792297363281,116.26806366444207,113.63702196005968,114.80540684735934,6264300
2021-02-24,114.32075500488281,114.49384761413108,113.5504816685264,114.11304915623272,4944000
2021-02-25,112.51190948486328,114.32075162942056,112.33881688072579,113.68030767349991,5702300
2021-02-26,111.81088256835938,113.26487637776948,111.27429150147518,113.00524405903195,8329000
2021-03-01,113.04850769042969,114.21690595318029,112.80617538804171,113.03985768181585,5287300
2021-03-02,113.43797302246094,114.26882278745384,112.8407923254304,112.94464524452478,5614000
2021-03-03,111.76760864257812,112.9706201690603,111.62912926537089,112.33882616896771,7505800
2021-03-04,112.3896255493164,114.93699414473737,111.94471294479231,112.75602651390744,9102800
2021-03-05,116.05366516113281,116.38517654829506,112.70370159421674,113.09627316178829,10186500
2021-03-08,115.26849365234375,117.05687627679592,115.14636001001675,116.2281113244649,8634900
2021-03-09,115.37318420410156,116.8213498622341,115.15508744757207,115.9751333819741,8930200
2021-03-10,116.53346252441406,117.30988645837628,113.88139846551694,115.60873439088265,7791700
2021-03-11,116.21939849853516,117.40584536420397,116.11471631707211,116.3328130694997,4458900
2021-03-12,116.0623550415039,116.71664526003929,115.71340558291247,116.13214759553591,5275100
2021-03-15,116.05366516113281,116.57710279227616,115.12893688280856,116.51602930029495,5389200
2021-03-16,116.90857696533203,117.40584394440673,115.80937413855473,116.09726344566599,5544700
2021-03-17,116.568359375,117.38840537415695,116.35899499160378,117.21393061746988,6199500
2021-03-18,115.61743927001953,116.09725474591667,114.64037016387863,115.46913508866373,6476700
2021-03-19,117.33607482910156,117.7809874953955,115.31213019714176,115.42554478939333,16114400
2021-03-22,120.21492767333984,120.56387713829439,117.85075311683097,118.32184953724533,7813400
2021-03-23,121.66311645507812,122.28250387027099,120.54644866874065,120.78199692388438,6978400
2021-03-24,121.0960464477539,122.23015229536358,121.06987590071115,121.27052119856226,5082300
2021-03-25,121.81140899658203,122.35228471207739,120.68602223886872,121.41882417177919,5827600
2021-03-26,124.4896240234375,124.75134278950559,121.37520931077852,121.80267042750597,6785600
2021-03-29,126.33038330078125,126.46124936254367,124.2453785077886,124.6379500699324,6105800
2021-03-30,124.3499984741211,126.27797900198266,123.98359764538915,125.34451881255494,4372700
2021-03-31,123.39913940429688,125.03923123618165,123.15487210740798,125.0305121582818,6257900
2021-04-01,123.25084686279297,124.14068542076797,122.2301555661028,123.17233521956386,4823400
2021-04-05,124.89094543457031,125.92035586425999,123.28575630103491,123.748120417634,5980700
2021-04-06,125.33586120605469,125.79822533418127,124.36751092965208,124.78625303762922,4751900
2021-04-07,125.10903930664062,125.71098854560003,124.76880886439021,125.62374450950671,4849200
2021-04-08,124.3499984741211,125.76327402673292,123.92253749638304,125.34451881255494,6725100
2021-04-09,124.376220703125,124.87347437000385,123.5387233278959,124.08833139637653,4950800
2021-04-12,124.76879119873047,125.1613626824254,123.92257475240831,124.05342747645027,4386700
2021-04-13,124.79496002197266,125.59755444535256,123.76553646462375,123.94002450969802,5283300
2021-04-14,123.97492218017578,124.5070788044344,123.21594971879226,124.37622607370268,4685300
2021-04-15,124.14938354492188,124.83857668335115,123.37295969926257,123.5910564346901,4777100
2021-04-16,125.76332092285156,125.90290604629438,124.28026559308921,125.15265264725177,6481400
2021-04-19,126.27800750732422,127.01954171886838,124.97814619574062,126.05119169878473,6621200
2021-04-20,127.11552429199219,127.93555694617204,125.56266307949686,125.7371511406463,4999700
2021-04-21,128.2234649658203,128.93882884842367,127.55173641643566,128.5462572767479,6316000
2021-04-22,127.42958068847656,127.93555345497823,126.82763150401968,127.57788488715046,4904400
2021-04-23,127.22018432617188,127.66509685686064,126.54844268011533,126.94101412620164,4354700
2021-04-26,125.06539154052734,127.16784724876238,124.73388024550837,126.97592105812701,5817700
2021-04-27,124.6553955078125,124.90838191646185,123.99238608631298,124.41984725729682,4693700
2021-04-28,123.73062896728516,125.35326904644465,123.64338495735208,125.17879433814548,4962700
2021-04-29,125.5713882446289,125.99884935976837,123.85278477143524,123.96619934234295,4699900
2021-04-30,125.76332092285156,125.83311348457296,124.3151552181649,125.03051899213182,5051100
2021-05-03,127.185302734375,128.0489707099242,125.71097979496359,126.52229336555857,6109800
2021-05-04,125.58885192871094,128.0402575333779,125.17882892954201,127.35106427453199,6603800
2021-05-05,125.52778625488281,126.12101643783122,125.18755579945865,125.37948203703858,5305200
2021-05-06,126.98466491699219,127.33362774605297,125.63246224146968,126.03376616699687,4472200
2021-05-07,126.98466491699219,127.36851737317363,126.12101020215476,126.6967755748561,4181000
2021-05-10,127.99662780761719,129.1045630776813,127.46447117978197,127.79598251529009,5270600
2021-05-11,127.06314086914062,128.7991955131798,126.51354619905585,128.38917262394224,5266100
2021-05-12,125.82437133789062,127.14168420693319,125.49287333488166,126.39143086606711,5651700
2021-05-13,127.6913070678711,128.34559745180005,125.25735269674705,125.8331314293818,4849400
2021-05-14,127.88322448730469,129.02604948252002,127.73492027457004,128.41538116197415,4224700
2021-05-17,127.51679992675781,128.58983215679234,127.11550938095498,128.2408826985665,3747100
2021-05-18,126.94102478027344,128.19726416243915,126.77528243564426,127.92682632825021,4527300
2021-05-19,126.87122344970703,127.04571148304898,125.69350909405689,126.18204363965114,4432700
2021-05-20,128.44154357910156,128.87773711067237,126.59208726494379,126.7142209213208,3964600
2021-05-21,128.328125,129.38370574951355,127.82213897425206,128.99985336366558,5194200
2021-05-24,128.98243713378906,129.41863068065805,128.24962185825547,128.799229987013,3627800
2021-05-25,129.375,129.43606017045602,128.2496132699605,128.98242849642077,4649300
2021-05-26,129.375,129.69777894336542,128.83411098623532,129.0347695886887,4462600
2021-05-27,127.81340789794922,129.78501093431203,127.75234773315638,129.6018038167965,9203600
2021-05-28,129.06094360351562,129.5494782265727,128.45027532469427,128.5985795272959,4913700
2021-06-01,128.7904815673828,129.85479464419856,128.31938518960922,129.79372117199668,5530300
2021-06-02,129.30519104003906,129.57562885683697,128.44152319244776,129.28773957430653,4546900
2021-06-03,129.7665557861328,129.8456410095786,128.4396323159781,128.9229532517366,4651600
2021-06-04,129.9159393310547,130.57500965648677,129.59080226133062,130.05654421859703,4427400
2021-06-07,129.83685302734375,130.27623324063424,128.92294808358028,129.84563580443435,4724100
2021-06-08,128.62417602539062,129.94231683617372,128.22873646392006,129.79292915334358,5997200
2021-06-09,128.38693237304688,129.6962771195602,128.31662991415402,129.39750172588282,4008000
2021-06-10,129.7050323486328,130.06531389955586,128.41325356814883,128.57142399409278,4698200
2021-06-11,129.78411865234375,130.16197916782025,128.99322628952086,130.10047291570913,4364600
2021-06-14,130.55743408203125,130.61015755860814,128.9932282936089,129.59079231539144,3831900
2021-06-15,130.5662384033203,131.0847038869707,130.1180753696461,130.84743479440374,4256500
2021-06-16,129.26565551757812,131.1725639073933,128.95808402519992,130.81226893833752,5492100
2021-06-17,130.51348876953125,130.93528997605875,129.09868409316874,129.3974593890916,5316400
2021-06-18,127.78931427001953,130.03893837031387,127.62234767668532,130.03893837031387,10661700
2021-06-21,128.79115295410156,128.9493368366097,127.8157281399071,128.07935900487206,4904300
2021-06-22,128.9844512939453,129.6171598588432,128.55385386791713,128.94051059189024,3518000
2021-06-23,127.2884292602539,128.41324132243156,127.27085030055247,128.35172166788527,3901700
2021-06-24,128.009033203125,128.24630227920716,127.07754927109468,127.29723938369882,3818900
2021-06-25,128.65928649902344,128.99320626325428,127.63113865491115,128.08808431308321,6387600
2021-06-28,129.21292114257812,129.6962420362119,128.8438433898449,128.96686930742263,4282800
2021-06-29,129.1250457763672,129.79289880382382,128.65050768650653,129.57320872006352,3197700
2021-06-30,130.20590209960938,130.32892799586259,129.35350360099184,129.55561470008988,4943700
2021-07-01,130.23228454589844,131.0055979646581,130.0038116761827,130.1268375920018,3997600
2021-07-02,130.85621643066406,131.62073369981027,130.54864492232122,130.84742024488182,3835500
2021-07-06,131.049560546875,131.30439519761558,129.85444570415703,130.99683706112327,4313800
2021-07-07,131.62950134277344,132.429176445467,130.93528659560295,131.19012118641234,4225000
2021-07-08,131.69105529785156,132.40284919112162,131.10228734405013,131.30439851414394,4216000
2021-07-09,131.35708618164062,132.08645884132076,131.08467263344573,131.29557993308924,4088600
2021-07-12,131.38345336914062,131.62950519119113,130.74196207656743,131.36588781672177,4873700
2021-07-13,134.41519165039062,135.25001131736494,132.4731253392352,132.8246241225447,8750800
2021-07-14,135.8036346435547,136.33089627941405,134.2746000354393,134.3536852581721,6390300
2021-07-15,136.42755126953125,136.5242154492956,134.67881325700122,135.3906204400767,4920600
2021-07-16,136.92845153808594,137.8247774889463,136.3045257561471,136.80541221000206,5852500
2021-07-19,136.910888671875,138.43992336123586,135.99697024233367,137.07785531239628,5750200
2021-07-20,136.92845153808594,138.25537491078126,136.6999652531525,137.2623713710494,5213500
2021-07-21,136.41879272460938,137.19209289126485,135.83002476466982,136.4715162122425,4905900
2021-07-22,136.3748321533203,136.87571862170634,135.3027433648492,136.3748321533203,3333500
2021-07-23,138.12356567382812,138.65961010245184,136.41878160772035,136.69997798845597,3588400
2021-07-26,138.02694702148438,138.37844593142586,137.11302840151822,137.78088169393664,2999800
2021-07-27,138.7914276123047,139.42413620898247,137.991752384723,138.23780423800653,4043900
2021-07-28,137.5172119140625,138.80899070047317,137.00752930231783,138.4926364383151,3556800
2021-07-29,137.7984161376953,138.34324329471136,137.26237175750163,138.16749389652745,3055600
2021-07-30,137.92144775390625,138.492650082621,137.63145520095634,138.29052552798248,3757300
2021-08-02,137.36781311035156,138.06202783017847,136.65600602167575,137.9653636632337,3425900
2021-08-03,137.6753692626953,138.09717043589885,137.35901503058827,137.9653617595282,3359900
2021-08-04,135.37307739257812,137.66664316745894,135.2148935069882,137.25362459969253,4846300
2021-08-05,135.6015167236328,136.37483017526623,135.21485999781612,136.1902845892829,3733500
2021-08-06,135.61907958984375,135.9969400850679,135.01273283349045,135.12697596405502,3430900
2021-08-09,135.6366424560547,136.02328568128314,135.07423646348465,135.8914770145935,2636600
2021-08-10,135.70700073242188,136.48031439518357,135.1621734202889,135.6015537452538,2670200
2021-08-11,136.24301147460938,137.10420635230219,135.74212500096607,135.95303233181696,3058000
2021-08-12,136.2694091796875,136.47152035802822,135.85639063558543,136.4100006813728,1958700
2021-08-13,137.54360961914062,137.67541834249965,136.1200083627517,136.29577120566015,2113800
2021-08-16,138.88809204101562,138.94959830003387,137.72812180880453,137.90387121734005,3224000
2021-08-17,138.7562713623047,139.23959229738867,138.17629964902443,138.76506754855563,3736300
2021-08-18,137.33267211914062,139.01989045203487,137.26236967916762,138.56293129661995,3419200
2021-08-19,139.64382934570312,140.09199235771382,136.89330478693424,136.92846271463347,4745600
2021-08-20,139.15174865722656,140.27656117098067,139.06386723225523,139.66141801382713,3484100
2021-08-23,138.7123260498047,139.3010938728643,138.24658413889455,138.69474708840653,3102100
2021-08-24,136.98997497558594,138.6244700558621,136.8054293691326,138.6244700558621,3760800
2021-08-25,136.3835906982422,136.79660909626077,135.4696859208332,136.5241955590182,3346700
2021-08-26,135.88272094726562,136.79662583651213,135.4081828362802,136.65602095852987,3220700
2021-08-27,136.1551513671875,136.56816986685996,135.51365996913447,136.06726995536837,4166500
2021-08-30,137.08665466308594,137.23604235718568,136.21667683516324,136.366064529263,2540300
2021-08-31,137.4293670654297,137.49966952114187,136.50666577133788,137.16573620871455,5291200
2021-09-01,138.76507568359375,139.01112755427565,137.53480292136305,137.82479549941414,4231400
2021-09-02,138.8668212890625,139.16764455513982,137.91125311970225,138.72525263418024,2862500
2021-09-03,138.99069213867188,139.2826724300627,137.93779719415866,138.20323505003486,2035100
2021-09-07,136.72564697265625,138.69871117379884,135.97357530144717,138.45097277637868,4609900
2021-09-08,138.66331481933594,138.6898572526274,136.52213969587407,136.84066239610067,3199100
2021-09-09,137.78738403320312,138.88452085833222,137.49540374504627,138.80489355267034,3560400
2021-09-10,137.54849243164062,138.24746567778672,137.15032892990533,138.00857027689136,3851500
2021-09-13,137.81394958496094,139.26499479024602,137.4865838285085,137.9732177237299,3367200
2021-09-14,137.27420043945312,138.61907558850305,136.98223366764813,138.3624942281889,2808600
2021-09-15,138.04400634765625,138.36252913434805,136.94686930444388,137.33617643270418,3702400
2021-09-16,137.63697814941406,138.1324549618694,136.08860636012582,137.48656650997088,4589900
2021-09-17,136.37171936035156,137.5838687389764,136.1062815436677,137.34497335388812,8127400
2021-09-20,135.91165161132812,137.09725876393674,134.8587566397091,136.16823299481814,5484600
2021-09-21,135.84970092773438,138.13244478905926,135.3453811738869,136.79642608952796,4479800
2021-09-22,136.2655487060547,137.22111683384708,135.77007193625036,136.80526736617642,3001000
2021-09-23,136.37171936035156,137.07953553720426,135.84968670393965,135.98241236264568,2712500
2021-09-24,136.4336700439453,136.80527764923067,135.85856592877926,136.0355200026203,2366100
2021-09-27,135.12417602539062,136.38941031358345,134.83219576640874,136.07974410004172,4482000
2021-09-28,133.64657592773438,134.92950954788023,132.80603414217174,134.81448335065582,5910900
2021-09-29,134.7525634765625,135.52232099398861,133.3280611450033,133.90316516365274,3326500
2021-09-30,133.08033752441406,135.75237493864307,133.04493861122725,135.5665778969661,4949200
2021-10-01,133.55812072753906,134.14208131426798,132.2928862903567,133.91204237134306,4274300
2021-10-04,132.89453125,135.37192872418336,132.25748579947484,133.49619128693158,5404900
2021-10-05,133.68197631835938,134.83219791734751,132.77950659517708,133.92087171601534,6103100
2021-10-06,137.1061248779297,137.28307896526096,132.68220519099089,133.46080587539473,5499200
2021-10-07,138.371337890625,139.57464439820765,137.60158030514404,137.60158030514404,4605100
2021-10-08,138.0528106689453,138.65447065342948,137.5750333730649,138.53060146555464,4186000
2021-10-11,138.23861694335938,139.1145442089496,137.72544075204695,138.3713291045917,2738100
2021-10-12,138.84909057617188,139.66310340814022,138.21205877406177,138.22090175022757,3195400
2021-10-13,139.78700256347656,139.84008743331228,138.04397733331163,139.318068212288,3599900
2021-10-14,140.91065979003906,141.11416977974375,140.3355557339531,140.34439871148106,3677100
2021-10-15,140.5124969482422,141.2645684919884,139.3622754404594,141.2645684919884,4313000
2021-10-18,139.87545776367188,140.41517638335404,138.7340926830868,139.97278451478599,3274200
2021-10-19,141.65391540527344,141.7070002820102,139.38885715889526,140.36212490150822,3125800
2021-10-20,142.72445678710938,143.22878997751963,141.28225503284276,142.07856846495454,3716500
2021-10-21,140.8398895263672,142.83065322793217,140.66293545304083,142.79526781355906,4164700
2021-10-22,141.53887939453125,141.98127133775333,141.09648745130917,141.19381421884725,3240300
2021-10-25,140.87525939941406,141.52114770923123,140.49479539450283,141.52114770923123,3281200
2021-10-26,142.60060119628906,142.80409768690308,140.76910577930457,140.83103362395704,3684700
2021-10-27,142.10513305664062,143.19341339943873,141.1761073246632,143.11378609402837,3751800
2021-10-28,142.99876403808594,143.09609080333118,141.98126799293775,142.3174901820996,3589600
2021-10-29,142.98104858398438,143.5649955542559,142.37054568255144,142.47671540428672,4558200
2021-11-01,142.6802215576172,142.89257451623175,141.72465349494445,142.62713669314567,3017100
2021-11-02,143.98971557617188,144.05164341968688,142.39710209017974,142.93682072985683,3464500
2021-11-03,145.36997985839844,145.44960715957606,143.46768660342502,143.46768660342502,3595000
2021-11-04,145.37879943847656,145.59999535107863,144.52941469449172,145.29917215011432,3310100
2021-11-05,146.8740997314453,147.25455025642415,145.56462358633274,146.4759497515961,3754300
2021-11-08,143.71543884277344,146.96260755611883,142.58291655883755,146.70601267105474,5766400
2021-11-09,144.6709747314453,144.98065441989667,143.33495623421547,143.6092370150411,3778600
2021-11-10,145.139892578125,145.98929075556777,144.24626602224623,145.75925188494156,2683500
2021-11-11,143.94546508789062,145.08683014257198,143.821595907532,145.07798716566353,2453000
2021-11-12,143.91009521484375,145.0426175211202,143.40577541474653,144.22861795727968,3540900
2021-11-15,144.92759704589844,144.99838137384722,143.76853236478854,143.78621832122815,3357100
2021-11-16,144.4940185546875,145.98046213621242,144.42323424121227,145.3434168156628,2899400
2021-11-17,144.547119140625,144.81255696985357,143.40575402588962,143.883531317918,3332200
2021-11-18,144.5913543701172,144.6798381426947,143.11376717302403,144.05163575914187,3498900
2021-11-19,144.93643188476562,146.0158691990878,144.60906619952556,145.5469348659004,5242200
2021-11-22,145.2372589111328,147.58194413874259,144.37901752414734,144.39671698078314,4157200
2021-11-23,146.21051025390625,146.6263596838546,144.4940276708392,144.71522360163178,3878000
2021-11-24,144.87454223632812,146.43175727213043,143.84818951919954,146.06899257889367,3309500
2021-11-26,142.57406616210938,144.80372519916733,142.35287020408816,143.96318325883277,3402900
2021-11-29,145.22842407226562,145.61773113569316,142.57407245878395,143.92779070160117,5305800
2021-11-30,141.37074279785156,145.1045312052648,140.14089395754337,144.95411959178577,7610000
2021-12-01,141.70697021484375,144.44094879254925,141.6096434612331,143.7508185399387,5385600
2021-12-02,143.0742645263672,144.02738689969766,142.3705681508832,142.63779961203844,4619800
2021-12-03,146.7174835205078,146.86891150019383,143.7156049360438,143.83140839955018,6465900
2021-12-06,148.24070739746094,149.0156664950646,147.67952262087437,147.91112959125402,5403100
2021-12-07,148.07147216796875,148.72173869159647,147.56374452301006,148.24071924694144,5460100
2021-12-08,148.3297882080078,148.4812162151447,146.1117844969733,147.9912940791381,3891900
2021-12-09,148.14273071289062,148.65047193576186,146.84222488553314,147.79533383112152,3644500
2021-12-10,150.5121612548828,150.64577021133547,148.66827610408228,149.23836363821192,5025700
2021-12-13,151.26040649414062,152.55200964448338,149.69266909140262,150.47653099679178,5411800
2021-12-14,150.88629150390625,151.77705419383827,149.91536343395074,150.85066697677135,4985000
2021-12-15,152.82815551757812,153.01520806396752,150.94864576846666,151.2247800173002,5507800
2021-12-16,153.0508575439453,154.6007759826442,152.33824464736765,152.82816686326234,6909900
2021-12-17,149.91534423828125,153.54965717888933,149.69265359431233,152.4183849017788,10159600
2021-12-20,150.9130096435547,150.98427228805915,148.53467495005228,148.8998909061527,5263600
2021-12-21,150.46763610839844,151.07336182210236,149.45216715750573,150.74377037519096,3401400
2021-12-22,151.4029083251953,151.42072738154505,149.88861474244942,150.5032430629184,4362900
2021-12-23,151.23365783691406,151.99081140707918,150.7615547940441,151.4118076204949,3241700
2021-12-27,152.7390594482422,152.8192248177257,151.22476579284537,151.42073464622172,2868800
2021-12-28,153.53182983398438,153.91485119679552,152.49854203967533,152.73014899575418,2332100
2021-12-29,154.07521057128906,154.51168914565184,153.14880984038822,153.91486623280443,2299500
2021-12-30,153.80801391601562,154.65423587341928,153.41607610198568,154.58297321705365,1988900
2021-12-31,154.73435974121094,155.0104939412939,153.30913430548043,153.62090661703306,2914900
2022-01-03,154.08409118652344,154.27115728924358,151.93736392286593,153.38929753406052,5488900
2022-01-04,154.30682373046875,155.39355534714605,153.38933920700583,153.79909604278606,4717600
2022-01-05,154.83233642578125,156.20410462578602,154.30677624753417,154.42257971609044,6564600
2022-01-06,154.86801147460938,156.41794354486825,154.30682659552306,154.91255233027604,4288700
2022-01-07,155.06396484375,155.60733060778543,153.75454265159837,155.0728675772078,4916000
2022-01-10,155.14413452148438,156.63170656774554,154.6542123285337,155.3846442511074,5055900
2022-01-11,155.07286071777344,155.19756694046407,152.8726759666209,154.70764478276556,6452300
2022-01-12,154.90362548828125,155.2866605106592,154.05740365590376,154.90362548828125,5268000
2022-01-13,155.15301513671875,155.60731273812686,154.31570975317567,154.73436924092616,4310300
2022-01-14,156.45352172851562,156.72075319139378,154.45820887657655,155.500412940997,4474500
2022-01-18,154.95709228515625,155.66969160383732,154.2355630482564,154.65422262355995,5789500
2022-01-19,156.070556640625,156.7386287426461,154.60970618788394,154.95710313725647,6424500
2022-01-20,154.9392547607422,157.55809907989007,154.8501730605424,156.24867692031614,6284200
2022-01-21,155.18865966796875,157.87876649813137,155.0906752392952,156.17740668750795,6753200
2022-01-24,154.39588928222656,157.21960520645757,150.50326091351062,156.31993983747495,9263900
2022-01-25,152.62327575683594,153.6387446778567,151.19806361067978,153.28244503930765,6536900
2022-01-26,151.01097106933594,153.04190855637475,148.26742083780192,150.85954306982381,6841800
2022-01-27,150.8684539794922,154.3513389329247,150.34290731882462,152.12443248064687,6543500
2022-01-28,153.80801391601562,153.86145751029937,148.94445654872877,150.10243733677484,5796000
2022-01-31,154.56515502929688,155.09070178579412,151.9552131235047,152.1155574851247,5908000
2022-02-01,153.51400756835938,154.4849354412854,151.0376888802222,154.23552302607425,5952700
2022-02-02,156.3021240234375,156.45355204361985,153.71891776298168,153.88815125003765,5767000
2022-02-03,156.2130584716797,157.36215002592297,154.84128982281874,156.12399035222478,4632700
2022-02-04,153.64764404296875,155.78546882219598,152.4896499575713,154.19100976654977,4592400
2022-02-07,153.0419158935547,154.09302280026802,152.50746650352878,153.87033215643433,4813300
2022-02-08,153.22898864746094,153.7812571186472,151.70577859724364,153.77235438561345,3957700
2022-02-09,153.15771484375,153.9059521228107,152.3292986053945,153.65653969645712,6780200
2022-02-10,149.9777069091797,152.72125757315723,149.02459791685317,150.23603569585677,7899800
2022-02-11,150.1647491455078,151.70576451878472,149.3719710363929,149.70154882352097,7299600
2022-02-14,148.49012756347656,151.14459639264086,147.0649155119874,150.91300300216312,6822500
2022-02-15,147.83096313476562,149.87080345391448,147.20741845782464,148.95331908773454,4943800
2022-02-16,148.13381958007812,148.93550046425403,146.56606874246012,147.53701028328794,4161700
2022-02-17,148.53466796875,149.6035804021573,146.97583337237631,147.8754987320353,5156800
2022-02-18,149.38980102539062,149.86190411413443,148.0625598636257,148.8553380307576,5181600
2022-02-22,149.95989990234375,150.48544661196743,148.07147381236848,150.1558687757559,7733900
2022-02-23,148.48121643066406,150.64576297294653,148.32978842330735,150.64576297294653,5812800
2022-02-24,145.89796447753906,148.16941126863236,142.7802961424576,147.60824021084727,8888800
2022-02-25,149.9866180419922,150.0578806844028,146.31666671362208,146.45919199844332,6535600
2022-02-28,145.853515625,147.16293811687564,143.7780365296594,146.12073360949495,7677000
2022-03-01,144.54403686523438,146.4413517763776,143.67999613981962,145.25664959439547,5107900
2022-03-02,146.5482635498047,147.70625762284791,144.74001659874392,145.1764815643362,5452100
2022-03-03,146.391357421875,148.11286860485,145.96994433381107,147.01898956962296,5352200
2022-03-04,148.61497497558594,149.2874409257017,144.2842926150778,145.25264522500706,6340300
2022-03-07,145.6561279296875,148.07700271141022,145.36921622704486,147.10866374380538,6319500
2022-03-08,141.549560546875,147.0189544151965,141.38817532519573,145.59333023162387,6163700
2022-03-09,141.12815856933594,143.51317402790116,140.23153745089962,143.28901874829208,5764900
2022-03-10,138.53695678710938,140.0970828267562,137.5148090180596,139.68463099511771,6103700
2022-03-11,137.83758544921875,140.67091197560347,137.61343012937226,139.37977514427092,4762600
2022-03-14,139.7742919921875,141.48684193521837,138.5279889495397,139.11078731400218,6075600
2022-03-15,142.56277465820312,143.01108527033583,140.61710824330964,141.0564575684872,6203400
2022-03-16,143.19041442871094,143.45044225919793,140.80539856122303,142.03377900741236,6299000
2022-03-17,144.3022003173828,144.92087105808656,142.83174227801751,143.30695036089244,3587600
2022-03-18,145.96096801757812,146.08649444596884,143.51319582328196,144.6967424464126,12123000
2022-03-21,145.75474548339844,146.87552202492475,144.4187886019658,145.4947313455602,5122600
2022-03-22,147.35073852539062,147.7362927918057,145.45886706894322,146.0058065994239,5779200
2022-03-23,146.57962036132812,148.19354115207503,145.81750059997046,147.27002247096624,4533700
2022-03-24,147.46728515625,147.7004017355293,146.3913424868291,147.09966719244724,3160300
2022-03-25,148.15769958496094,148.74945920937424,147.43142488350713,147.43142488350713,4146800
2022-03-28,148.59703063964844,148.6329031499294,146.78586562972575,148.03216857558627,4308000
2022-03-29,150.80271911621094,151.15240083069415,149.1708619943869,149.99575184185107,4440400
2022-03-30,150.5965118408203,150.84756469743058,148.94671833563976,150.72203826912545,3871500
2022-03-31,150.07647705078125,151.7979882990394,149.9778481608696,150.96412337863086,6076200
2022-04-01,152.2104034423828,152.36282739806686,150.0674794137726,150.53372624850522,3239600
2022-04-04,151.81591796875,151.8786743425044,150.13922691300044,151.6276214847775,3759900
2022-04-05,151.97731018066406,153.66296260081955,150.91930361489344,150.91930361489344,4480700
2022-04-06,154.5685577392578,154.84650817550224,151.96836123354822,152.35390185637593,4294800
2022-04-07,154.71200561523438,155.36653532314892,153.12498210844356,154.24575871579626,5041600
2022-04-08,155.23207092285156,155.73417672935858,153.85126627360012,155.1065444712248,3883100
2022-04-11,154.75682067871094,156.88180849093638,154.5057678435684,155.6624031425212,3825100
2022-04-12,155.3844757080078,156.59490626729522,154.78374107226864,155.8148501058863,3924300
2022-04-13,155.11549377441406,155.85072984952868,153.97678082748692,155.63553579992916,4394000
2022-04-14,154.12921142578125,156.24523845284963,154.00368497847026,155.5458748633518,4834300
2022-04-18,152.80221557617188,154.49682945528716,152.38977739850938,153.51951542413403,3086000
2022-04-19,155.02581787109375,155.26790945376905,152.28215887195836,152.28215887195836,3642000
2022-04-20,157.33013916015625,157.77844980603774,155.76105189957107,155.76105189957107,4197600
2022-04-21,156.7652587890625,158.91715803524787,156.59489855958708,157.59014871162606,3701300
2022-04-22,154.3533172607422,157.1507844027364,154.16503449085022,156.89973158864558,5864000
2022-04-25,155.7789764404297,155.94036169375914,153.32222936047725,155.30376828604295,7369900
2022-04-26,155.3844757080078,157.2225521291725,154.8733949944258,155.98521034374696,7386600
2022-04-27,156.7742156982422,158.42399535332362,155.28582128532273,155.4920403218696,5180300
2022-04-28,159.15028381347656,159.25787399351387,155.85072393301402,156.4873174067088,5235800
2022-04-29,153.95883178710938,159.06956987474922,153.68984269168544,159.06956987474922,6505600
2022-05-02,150.4171600341797,155.52791156264888,148.18458211434512,155.1154598115627,7692100
2022-05-03,150.62338256835938,151.80691529862352,149.35914354177436,151.65449135434304,5564900
2022-05-04,155.88656616210938,156.119682754479,150.28268352612153,150.28268352612153,6231500
2022-05-05,152.77528381347656,155.4023910109833,151.60071224515667,155.2051332549376,6534300
2022-05-06,152.79322814941406,153.14290988428945,151.27793607116934,151.74418294478792,5824600
2022-05-09,153.94989013671875,155.0168717812912,151.31382105750606,152.12078851842077,7269100
2022-05-10,153.7615966796875,156.49628078883882,153.09809197074875,155.22308014305563,5936700
2022-05-11,153.0173797607422,154.58646688622636,152.35387513667857,153.16084243859711,5376900
2022-05-12,152.7842559814453,154.20989417101092,150.77583313154432,153.54638951875174,6473500
2022-05-13,155.76104736328125,156.15556290918414,151.94144569689863,153.05324731023796,4714600
2022-05-16,157.33013916015625,158.07433647408214,155.49206277577113,155.7520906119413,5317200
2022-05-17,156.424560546875,157.5184259637138,154.7389080975876,157.18668045538382,5012200
2022-05-18,146.73207092285156,155.8955417439773,146.07754120172982,155.7341564763125,8875400
2022-05-19,144.53533935546875,145.95200253882524,143.16350996982598,145.70094968925363,6423800
2022-05-20,145.44093322753906,146.20305305107107,143.11867388409598,145.46783076946642,5768800
2022-05-23,148.48048400878906,149.6909144836958,146.66034397148232,147.23418102243585,4657800
2022-05-24,150.4709930419922,150.865494921415,148.08597710191023,148.8570719666978,6327600
2022-05-25,151.50209045410156,151.96833732487002,149.6998867055844,150.49787905369647,5781000
2022-05-26,152.5242462158203,153.4029312378726,151.4931372182027,151.4931372182027,5193800
2022-05-27,154.01263427734375,154.04849310715989,152.6049323630205,153.55534868872326,6713500
2022-05-31,150.40821838378906,153.30430126168116,148.27425537831337,153.30430126168116,13610000
2022-06-01,149.27850341796875,150.97311733495357,146.88452589596525,150.79378210793791,5613900
2022-06-02,150.48828125,150.55148788762617,146.8497666328578,149.5312545057509,4677300
2022-06-03,148.83609008789062,150.40705359221022,148.39368487694796,149.7479713608177,4222000
2022-06-06,149.45904541015625,151.33699092621936,148.72773293702642,150.2896865497631,3447800
2022-06-07,150.37994384765625,150.6508038544931,148.2672605920509,149.58542483467144,4168300
2022-06-08,149.63059997558594,150.60568792659944,149.07083262050065,149.63963736938726,2646800
2022-06-09,146.9671630859375,150.71401671884118,146.8678481961333,149.14305326841108,3522900
2022-06-10,146.73243713378906,147.99643240208349,143.9606573844728,145.3330049447033,5203300
2022-06-13,144.22247314453125,147.048407969685,143.60852283334367,144.93572456293393,6300700
2022-06-14,140.95413208007812,144.5023698126592,139.81653639924676,144.4572241748017,6159200
2022-06-15,142.4619140625,144.31277515010896,140.78259814651796,142.57928997498485,5940100
2022-06-16,141.7757110595703,143.0668044386735,140.04222632575278,141.41457357288368,7207900
2022-06-17,141.80279541015625,143.54531753253022,140.99925279378508,141.77571078753232,9881800
2022-06-21,145.09823608398438,145.32395046084693,142.06463430789128,142.80497030021405,4449600
2022-06-22,146.2899932861328,147.15674251025376,144.05993425560982,144.75513835791952,4706500
2022-06-23,148.158935546875,149.09790137574973,147.30120981795883,147.87001450628986,5810700
2022-06-24,149.99172973632812,150.04589898528337,148.0144694903839,149.54932457567202,5951500
2022-06-27,150.19036865234375,150.89459648470148,149.27847365098566,149.75698708126683,4595800
2022-06-28,148.07766723632812,152.086357109308,147.93322049319048,150.91263949604158,4372900
2022-06-29,150.533447265625,151.28282074410586,149.28751311689203,149.9285343128423,3653600
2022-06-30,150.47024536132812,151.3008726694484,149.54030316981775,150.89458951976644,6295100
2022-07-01,152.93505859375,153.0524344981248,149.65768087694926,150.54249130351903,3918700
2022-07-05,152.5919647216797,152.93505503324022,149.26945522040793,152.24888818663345,4971600
2022-07-06,154.1177978515625,155.24636991224548,153.01631041821477,153.48580025288294,4209100
2022-07-07,153.81080627441406,154.42474276976446,152.9260097701981,153.05240927080038,5150200
2022-07-08,155.1831817626953,155.92351789324348,153.98237940040775,154.00044041135232,3482900
2022-07-11,153.91014099121094,156.01380091823307,153.5038578137978,154.75882936601545,4921300
2022-07-12,153.0343475341797,156.48326982584697,152.4655428959227,156.19434881069668,5201600
2022-07-13,153.57608032226562,154.78590617667624,151.66201287898244,152.16761092103383,4533100
2022-07-14,154.37057495117188,154.5330964685994,151.4092033869448,151.94188601751637,4218300
2022-07-15,154.49697875976562,156.1221250967819,153.50384372573717,154.69560852187388,4659100
2022-07-18,151.914794921875,154.60532013661688,151.54463382450123,154.5240524931092,3479700
2022-07-19,153.53993225097656,154.1629060815508,152.24885273956357,153.71147736681715,4201600
2022-07-20,151.914794921875,154.00040727701716,151.1925199576742,153.53091752907716,3460700
2022-07-21,152.14053344726562,152.95311357577052,151.28282145871663,151.6710574013,3088300
2022-07-22,153.13369750976562,154.00044697736575,152.12250127799496,152.70935328182284,3757800
2022-07-25,153.35037231445312,154.26225355138666,152.61904606975796,153.76567910493216,3357200
2022-07-26,155.1380157470703,155.28247626262288,152.7996179796793,154.00042018424813,3732100
2022-07-27,154.9213104248047,155.24633966601738,152.6370821211336,153.92817547080216,4479000
2022-07-28,157.85562133789062,158.10842036674865,154.5601965696611,155.17413313216946,3134200
2022-07-29,157.96397399902344,158.433450038595,156.546480934184,156.79025634706676,4215500
2022-08-01,159.76063537597656,160.4287549001842,157.59378283902535,157.59378283902535,4034600
2022-08-02,158.44247436523438,159.94120740875184,158.1986989724553,159.7516150405447,3781100
2022-08-03,159.65232849121094,159.85998190445767,157.3139303582798,158.07232751871447,4401300
2022-08-04,158.7855682373047,159.57106374965596,157.62088794704584,159.28214269304073,3822500
2022-08-05,157.59376525878906,157.72918836104932,155.65261354182266,157.4493047653708,3295600
2022-08-08,156.9617919921875,158.87584560694722,156.48327858849757,158.71332408269635,2846100
2022-08-09,157.54864501953125,158.20772718425232,157.06110799632285,157.8104676515942,3228800
2022-08-10,158.84877014160156,159.2911615536273,157.74728275504498,158.73139424379204,4041100
2022-08-11,158.0361785888672,159.9141239353366,157.70212570575683,159.22795716079526,2743800
2022-08-12,160.103759765625,160.14890540654034,158.34318998204992,158.83975070257247,3756200
2022-08-15,161.8643035888672,161.9365338474441,159.6252206790349,160.50099362157462,3043100
2022-08-16,162.8032989501953,163.1463754910399,161.2864909261208,162.3157481016835,3395700
2022-08-17,162.71299743652344,163.48043190553665,162.26156863746007,162.6046589332326,2666200
2022-08-18,162.87548828125,163.3540016564554,162.4601815440777,163.2547005564243,3010600
2022-08-19,162.6678466796875,163.4262437318724,161.90042601135033,162.29767176974727,3704000
2022-08-22,161.11492919921875,162.93870533205924,160.7267070602474,162.64076068338878,3385000
2022-08-23,161.04269409179688,161.4850992434429,160.06760630092234,160.5461334688115,2575000
2022-08-24,161.84625244140625,162.06294323034007,160.80797168619074,161.0427097084835,3340600
2022-08-25,161.85525512695312,161.92748537444228,160.1578787522359,161.6385643844857,3401800
2022-08-26,158.0361785888672,162.4962970646679,157.70212570575683,162.47824983286017,5246600
2022-08-29,157.53961181640625,158.2618868029074,156.38395530618965,157.5937810627426,4184500
2022-08-30,156.18533325195312,157.72018833870553,155.589443959851,157.40418268414783,4026300
2022-08-31,155.53529357910156,157.46740842831025,155.4720869299171,156.92568831949805,5597900
2022-09-01,157.1077117919922,157.22586262604418,154.73541668531763,155.35347910680997,4846100
2022-09-02,155.11715698242188,159.0346218455653,154.41728078972625,157.89846549921995,5801500
2022-09-06,154.07188415527344,156.87137504483954,153.72650205846506,155.40800512231854,4900100
2022-09-07,157.47129821777344,157.9530274866318,154.45365975637523,155.08082039257536,6074600
2022-09-08,156.94410705566406,157.6348851902991,155.02627439689192,157.04408937888337,3888100
2022-09-09,157.44400024414062,158.6528722400857,156.03516362516126,156.92590630198026,3662000
2022-09-12,158.0620574951172,158.55288477902212,157.0167992561011,157.44399513060915,5953300
2022-09-13,152.1631622314453,157.08953486530498,151.7450505613028,156.7895879024174,6926200
2022-09-14,153.31752014160156,153.78108094257882,152.3086263255924,152.8085241687717,5156900
2022-09-15,150.77252197265625,153.20843493806305,150.28169458051713,153.1811682906218,5461000
2022-09-16,151.76324462890625,151.9450268985308,150.1998921457584,151.20879969163755,12012600
2022-09-19,153.36293029785156,153.43564597111902,151.33603118099666,151.8450270247722,3720900
2022-09-20,153.53562927246094,153.74467816625958,151.66324574838526,152.31767294289088,3872000
2022-09-21,153.09938049316406,156.3624190073969,153.00848241508368,154.40823515056428,5134500
2022-09-22,153.24481201171875,154.41731955307927,152.74490032001484,153.0630158553904,4290600
2022-09-23,153.17210388183594,153.3811528290104,151.36333744226516,153.05393914821116,4565100
2022-09-26,153.1084442138672,154.52636527947047,152.27223471028313,152.9993776300816,5326400
2022-09-27,150.89068603515625,154.5173030225014,150.19082353074722,152.91759946643842,5400700
2022-09-28,153.30841064453125,154.17188680409274,150.19080388959608,151.70870729766892,5480900
2022-09-29,151.43603515625,153.735614909466,149.97266496155814,153.42658365570463,5167700
2022-09-30,148.39111328125,152.91757046169013,148.16388199637598,152.4176588611479,5971900
2022-10-03,150.19985961914062,150.59978884716662,148.1729607070217,148.62742321721578,5093400
2022-10-04,151.89048767089844,153.36294202716297,150.47256660648108,152.1449856122504,4596800
2022-10-05,150.88157653808594,151.8723016337587,148.81831254183837,151.76323505268567,3538600
2022-10-06,147.9730224609375,150.89976265764295,147.70034213241198,150.6906998799514,4623400
2022-10-07,146.89137268066406,148.16386215793946,146.31874548134257,147.51853316199805,4779200
2022-10-10,147.08229064941406,148.1911666951241,146.50966330365748,147.23680627766134,4839200
2022-10-11,147.78216552734375,149.30916728800534,146.84597355044818,147.46404998448497,5222600
2022-10-12,153.9628448486328,155.15353468624187,151.42694954791034,153.36295086554634,9795300
2022-10-13,158.7074432373047,159.09827444940862,151.62692142895293,151.88141939709016,8412700
2022-10-14,154.68997192382812,160.2071403162691,154.50818966949691,159.95264238638597,5937900
2022-10-17,156.99864196777344,157.7803181748963,155.48983671419936,156.58054415297374,6401800
2022-10-18,159.11642456054688,160.79794153022505,157.6167037047446,158.89829141444983,4547400
2022-10-19,157.57127380371094,159.82540442461703,156.6350819538109,158.89831070297296,5200200
2022-10-20,155.8443145751953,158.48019200067606,155.52618522045572,158.33476064598952,4314000
2022-10-21,157.298583984375,157.8712112660557,155.04445349938456,155.6079826533579,5071500
2022-10-24,161.49781799316406,161.77049831873444,158.76195821680517,158.88920718619167,5316500
2022-10-25,162.0341033935547,162.57945020591592,160.52528419473526,161.8977562886407,5220000
2022-10-26,162.76124572753906,164.4245666745659,162.0795518128533,162.93392986921697,5136000
2022-10-27,162.58851623535156,164.45180147943307,162.3067516908942,163.9428056740784,5424100
2022-10-28,165.6334228515625,166.26966766987636,163.13387873961057,163.33384337809446,6715300
2022-10-31,165.0426483154297,166.31513811591003,164.09735829013118,164.6790698945077,4877200
2022-11-01,164.2973175048828,166.1606169766467,163.50655700289107,164.46093125614556,4084500
2022-11-02,162.0068359375,166.86049327568202,161.9432045150382,164.3154998900752,4970600
2022-11-03,161.58872985839844,162.6067217004313,160.45257329573724,160.67980460826948,3753800
2022-11-04,162.4976348876953,163.41564428321507,160.4525533293904,161.71595871509044,3922400
2022-11-07,163.79739379882812,164.17004253890747,162.5430727577483,163.1702332782882,3246100
2022-11-08,164.2518768310547,165.52436654665567,162.51582639333657,164.0064631469396,3724700
2022-11-09,162.28860473632812,164.57910022956384,162.15225762856613,163.56109452751542,4723600
2022-11-10,165.15171813964844,166.26060807424201,162.29769335776797,166.01519436895356,6704100
2022-11-11,161.83413696289062,165.14262418374153,159.4618416019853,164.63362828347186,7390500
2022-11-14,160.63433837890625,162.86120222955645,160.42528947709917,162.39765539448064,5633000
2022-11-15,161.0524444580078,162.42491639826025,159.44364311000163,161.82502248963468,5153600
2022-11-16,162.088623046875,163.2702285111972,161.53417815272135,162.06135640200654,4701100
2022-11-17,163.63380432128906,163.7519690366098,161.27059322946207,161.3251403920626,3920300
2022-11-18,164.81539916992188,165.2789460037048,163.62470944207192,163.79740743968628,4498100
2022-11-21,167.98756408691406,168.26932868315552,165.50618827612715,165.66980202597261,4397600
2022-11-22,168.0057373046875,169.62362311534585,167.57854133421156,168.88739589319326,4109600
2022-11-23,168.223876953125,169.13280214919607,167.69669867511203,168.15116127314758,2511000
2022-11-25,167.34219360351562,168.1511363533707,167.1876780073743,167.76938949188698,1837000
2022-11-28,167.1422882080078,168.59657436916942,166.79689212418427,167.60583516069147,6411400
2022-11-29,165.9606475830078,166.7150571571337,164.53364224260173,166.60599057213645,4375400
2022-11-30,168.61468505859375,168.7873830412725,163.82465991647243,165.33346499498512,7915600
2022-12-01,170.023193359375,170.41647643955747,168.43180709915114,169.63906516016195,4683300
2022-12-02,169.83111572265625,170.39816004981532,168.13910970982354,168.28544823154508,3547700
2022-12-05,167.48062133789062,168.2305958891344,166.748956548672,167.76414353705454,4083200
2022-12-06,166.11785888671875,168.55067046159132,165.26727846120943,168.05679540739277,5835100
2022-12-07,166.62088012695312,166.86782463965568,165.25814275614889,166.28248450423416,4241700
2022-12-08,168.08424377441406,168.26715995694624,165.77946079880005,166.28249076747116,3800800
2022-12-09,167.46229553222656,168.47749620975443,167.41656300600127,168.47749620975443,3116100
2022-12-12,168.2580108642578,168.4500679621297,166.78551263959883,168.4500679621297,4691400
2022-12-13,168.16653442382812,170.88288198342784,167.31596799385676,170.55362731088215,5634900
2022-12-14,167.70008850097656,170.0048711040951,166.5751409023863,168.34945689296757,5392500
2022-12-15,164.85572814941406,167.1056377087318,163.1545811037671,166.43797339412322,6127800
2022-12-16,164.9380340576172,165.71544527253238,163.23688705613586,164.70024441752562,15708100
2022-12-19,165.8526153564453,167.80070671891679,164.94717544873464,165.4136137661732,4447800
2022-12-20,165.7520751953125,166.68496615626944,165.21246740593736,166.29169694030213,3249000
2022-12-21,166.91354370117188,167.99275881928736,165.9074838829214,166.0446814702875,4236900
2022-12-22,165.6239776611328,166.5019948556078,163.63930851581185,166.32821960160473,4304700
2022-12-23,166.6940460205078,166.9592863320987,165.03863163763336,165.45935139315955,2197800
2022-12-27,167.43490600585938,167.9287811437312,166.7032272468246,167.62696313229392,3045000
2022-12-28,166.22763061523438,168.7793443615137,166.12702461344637,168.37693430997297,2694300
2022-12-29,166.43800354003906,167.24285165103743,166.35569333476323,166.38313006985516,2549200
2022-12-30,165.230712890625,166.41968901510063,163.9777084264297,165.88922231477736,3136200
2023-01-03,164.08746337890625,165.3130171135553,161.49001738605344,165.16667859000054,5137400
2023-01-04,163.68504333496094,165.12095000933422,162.38632030744782,164.08746730656418,4771300
2023-01-05,161.97474670410156,163.50211836468256,161.75523892531515,162.76129880024124,3647100
2023-01-06,165.6331329345703,166.3007832675694,163.5295619882283,163.53870291270968,3713200
2023-01-09,164.01429748535156,167.1605060283408,163.53870425183666,165.02949833549505,3319200
2023-01-10,162.66070556640625,164.19721827155578,161.9656045235535,163.52041303393875,3817300
2023-01-11,162.8436279296875,164.36185884280843,160.67602848436294,164.06918177037556,4369900
2023-01-12,160.76748657226562,163.13628395743825,160.34678074343876,162.4869294090632,4246600
2023-01-13,160.27362060546875,160.72176318971256,159.2949973313808,160.41994518804836,4720400
2023-01-17,161.02357482910156,162.38632624538752,160.5022629963602,161.10588502022748,5032600
2023-01-18,156.96273803710938,160.7308776930568,156.6975117144265,160.2735803427978,5032600
2023-01-19,155.14273071289062,157.46579551899782,155.0055331103961,156.6518066510599,4720400
2023-01-20,155.3713836669922,155.38052459183052,153.15806571800817,154.5208031662726,5779100
2023-01-23,154.67626953125,156.17620445880587,154.3104371901327,155.49025835250393,5440400
2023-01-24,156.11221313476562,156.2768335258978,154.06351543735997,155.1244489211385,4125600
2023-01-25,157.2462921142578,157.29202464969822,154.8774947079157,155.79208959428198,3852800
2023-01-26,155.68231201171875,157.00847154463753,155.5176777076805,156.9810348198991,4558400
2023-01-27,155.13356018066406,155.69146354772192,154.18238776180917,155.2707577693162,5451400
2023-01-30,155.00550842285156,156.81641600696562,154.6945495690328,155.27988962853016,5191500
2023-01-31,156.4140167236328,156.45974925771355,154.85920825415778,155.66404224041673,4665500
2023-02-01,156.90789794921875,157.60299900099145,155.03297562339543,156.285980119328,4147700
2023-02-02,155.4536895751953,155.9932971936118,154.11837493822887,154.98725122030123,5653800
2023-02-03,154.67626953125,156.6609385908105,152.78306553477347,156.3591345849738,5308200
2023-02-06,157.14569091796875,157.65786179159429,155.1061343921683,155.24333199049562,5640000
2023-02-07,156.90789794921875,157.3377586663064,154.8043268996514,155.74635852502803,6044700
2023-02-08,156.54205322265625,156.69753266786194,155.700627660338,156.3957147016593,5687300
2023-02-09,158.02371215820312,161.41686551622593,157.34690688054698,160.3467911142044,9619400
2023-02-10,161.15162658691406,161.50831805739242,157.90481173965088,158.33467248043394,6176000
2023-02-13,162.58753967285156,163.00824551272464,161.0052804439943,161.20649243892865,5205100
2023-02-14,160.7583465576172,162.11194307743472,159.86203352387452,161.9747594271733,5203000
2023-02-15,160.9778594970703,161.01445111188832,159.67913628327182,160.05412357929018,4125500
2023-02-16,160.52052307128906,161.79180924346457,159.6333650278707,159.816295146372,4973200
2023-02-17,161.2247772216797,161.35281994100998,159.89861749527108,160.2004354670374,3952100
2023-02-21,161.13330078125,162.258262402681,159.75226769484394,160.58455228954563,5797300
2023-02-22,161.07846069335938,162.27657786404143,160.7583608291287,161.62722325434294,5299500
2023-02-23,161.25218200683594,161.87411363153,160.04492431453457,161.57229571955293,3801400
2023-02-24,160.93212890625,161.27052456220565,159.4047431028137,160.47483144442407,2959100
2023-02-27,160.88638305664062,162.11193680358085,160.6485794645768,161.85585136259664,3208500
2023-02-28,158.70962524414062,160.1089540898409,158.40780730312179,159.94433373416243,4317100
2023-03-01,156.69754028320312,157.73103694900794,154.67627948607878,157.60299422581522,5359100
2023-03-02,159.58877563476562,159.99390494933758,156.32922332950935,157.00138533881878,4476300
2023-03-03,159.43222045898438,159.708455829312,157.75641689884876,159.29410979877784,3627100
2023-03-06,159.75450134277344,159.90182875057343,158.5759101802032,158.5759101802032,3611400
2023-03-07,158.96263122558594,160.45428256543278,158.2536303819919,159.91102856510764,4094900
2023-03-08,159.39541625976562,159.62561008984156,158.17078339777177,158.99947556607853,2920200
2023-03-09,158.18917846679688,160.54636067562924,157.63670773976432,159.864981985611,4042100
2023-03-10,158.40097045898438,160.43589001186157,157.41574821431692,158.8613580994627,4129900
2023-03-13,159.94790649414062,163.18902589923388,158.9350478988502,159.07315859369976,8265100
2023-03-14,159.78211975097656,160.03993568365942,157.97740822219652,158.82451972242802,6480800
2023-03-15,162.6365509033203,162.66417303920483,159.46908152267628,159.782141762645,7099800
2023-03-16,162.5260467529297,162.9772317179153,161.43033592353564,162.61812990494028,4734400
2023-03-17,161.25535583496094,162.69176281491298,160.4266497735099,162.52601598265727,8854600
2023-03-20,163.52049255371094,163.60335896400076,161.60527812192757,162.51685078486662,4367000
2023-03-21,163.90719604492188,164.0545234558682,162.31425880757067,163.58493313963135,3812000
2023-03-22,162.5260467529297,165.15946473138533,162.44318034607002,163.75067961510513,4380800
2023-03-23,161.73416137695312,163.17978521277198,161.15408254371582,162.11168258820814,4655600
2023-03-24,164.90164184570312,165.13183566615328,162.41555139482446,162.54445937227993,3713800
2023-03-27,165.26995849609375,166.3380471328173,165.10421164131114,165.35282489852722,4078600
2023-03-28,165.21470642089844,166.1631179120546,165.12263732024297,165.12263732024297,2850000
2023-03-29,166.35647583007812,166.57746696544802,165.73035535473804,166.3380563896515,4496000
2023-03-30,166.5037841796875,166.96417178819743,165.81320276692261,166.6603142805911,2743000
2023-03-31,167.85733032226562,168.03227986716558,166.95497451426692,167.7284223496944,4479800
2023-04-03,168.04148864746094,168.28088516235889,166.1078549389485,167.4890178593386,3902300
2023-04-04,167.44296264648438,168.8333280317932,166.75238130048552,167.74680607480002,3306400
2023-04-05,169.09117126464844,170.30660137394872,168.55711991813004,168.7320694687035,3826300
2023-04-06,169.75413513183594,170.1040342423488,168.5939633100162,168.77811556031705,3389700
2023-04-10,168.68603515625,169.33057506775344,167.29566948644143,169.26612810156126,2408100
2023-04-11,168.42822265625,169.3121731601494,168.280895230614,168.88861032392504,3586700
2023-04-12,168.09677124023438,169.22011846225394,167.811333086264,168.21647654993254,3620900
2023-04-13,169.7725372314453,169.98431159516502,167.682373576732,168.15196387452306,4303600
2023-04-14,168.9714813232422,169.44108574897697,168.42822723260488,168.81495119796958,2572900
2023-04-17,169.83700561523438,170.11324102227684,168.94385242741637,169.59760908908632,3224400
2023-04-18,170.18687438964844,170.54597613980047,169.1832328379304,170.13163012807334,2438600
2023-04-19,170.08560180664062,170.6380725652467,169.66203901838733,170.56440886077155,2209900
2023-04-20,170.6472930908203,171.301035705236,169.60681247502046,170.1961081224831,3868200
2023-04-21,170.72093200683594,171.61408506856606,170.463116076637,171.25498330508077,3781800
2023-04-24,170.80380249023438,171.78903871486492,170.36183432073176,171.72457770581516,3540200
2023-04-25,174.68028259277344,175.11303404360024,171.48519128299392,171.7798320633351,6231600
2023-04-26,173.6029510498047,174.41323772655574,172.98603334815635,173.5477067854652,4481700
2023-04-27,174.66189575195312,174.90129230878057,172.65459798345864,173.27151584329405,4574500
2023-04-28,175.7667694091797,176.43893134077538,174.61580046128316,174.85519694447663,4608900
2023-05-01,176.4942169189453,177.09272934190943,175.2051370154978,175.3616671430652,3137800
2023-05-02,177.01902770996094,177.24922150412215,174.71708976834898,176.19953836474366,3712200
2023-05-03,176.95458984375,177.93982615555677,176.5862853448951,177.32290839252096,3389600
2023-05-04,178.0595245361328,178.58435912914715,176.9361775932907,177.78328914774426,4267600
2023-05-05,178.8790283203125,179.0723832727696,177.14796619399834,177.5439068941287,4146500
2023-05-08,178.0319061279297,178.63040444036668,177.38735219156277,178.0779336520281,2249900
2023-05-09,178.7593231201172,179.2473329240703,177.44262113395754,178.50150715010108,3087600
2023-05-10,178.8790283203125,180.08524176155268,177.40578216388556,178.73170089468647,4352900
2023-05-11,179.86422729492188,180.0299741397331,177.70961666177934,178.88820781409225,3690200
2023-05-12,180.58242797851562,180.67451111860916,179.505122679011,179.86422444551255,2741000
2023-05-15,178.8790283203125,181.28225250740996,178.63041504580818,180.99681440145747,2946400
2023-05-16,178.10556030273438,179.0723771818849,177.28607084419875,179.0723771818849,5803100
2023-05-17,176.84408569335938,178.25287064949873,175.72073880612322,177.99505471307552,4878800
2023-05-18,176.3837127685547,176.5218374923677,175.32482680223467,176.16273569031938,3709400
2023-05-19,176.64151000976562,177.58070464249784,175.96014535751524,177.21240018452002,3883000
2023-05-22,171.85348510742188,176.22716736701113,171.64171074251263,176.04301513448507,5787000
2023-05-23,171.32867431640625,171.84430625899608,169.96591669679975,171.71539827334863,6382300
2023-05-24,170.24212646484375,171.94556620779977,169.76331942602718,171.51280073904692,3721000
2023-05-25,169.2384796142578,169.62520350094383,167.53503992417296,168.22562130395102,4712700
2023-05-26,169.03594970703125,169.6528675393661,167.94942742850176,169.15565500506796,4449300
2023-05-30,167.22198486328125,168.58472822717368,166.38407605815286,167.63633089386647,4331800
2023-05-31,167.90338134765625,169.993531159887,167.0838918937623,168.37297169205073,20414600
2023-06-01,168.9279327392578,169.39153647841906,167.63911491031214,169.14118649781426,5277400
2023-06-02,170.6618194580078,170.87507323313562,168.4736090732044,168.77032228039477,4288300
2023-06-05,170.7823486328125,172.61821548850477,170.24456659466762,170.4671014839886,4311700
2023-06-06,168.3437957763672,171.6446522977761,167.29604674697487,171.51484381035206,3975600
2023-06-07,166.9993438720703,168.5106966288051,166.61918540043973,167.55567403289865,5162700
2023-06-08,168.84449768066406,169.02993635793914,166.27612884880858,166.61919110917069,4036100
2023-06-09,169.07627868652344,169.5213342866404,167.8245430103703,168.48286650368,3200100
2023-06-12,168.6590576171875,169.42864162677185,167.5371443385402,169.20612085643003,4207100
2023-06-13,168.3252410888672,168.92793444469936,167.89873356744843,168.87230425912853,2838700
2023-06-14,169.8365936279297,170.28164926005348,168.23252863752057,168.75176256634225,3559300
2023-06-15,172.19171142578125,172.618218953796,170.16112473266136,170.8472492293974,4326100
2023-06-16,172.49769592285156,173.9348705344975,172.18244873394127,172.5904223422088,8925700
2023-06-20,171.82083129882812,174.19448039728795,171.75593412638793,172.96129264027812,4154800
2023-06-21,171.93206787109375,173.27652997021656,170.78233970651996,172.20096595014337,3832400
2023-06-22,173.7123260498047,173.92557980753477,172.34004880059942,173.13744779478935,3185800
2023-06-23,172.5255126953125,174.31501644541,172.41423817051478,174.31501644541,7592600
2023-06-26,171.43138122558594,172.85927444312824,170.7174275427835,172.60893862354743,3706100
2023-06-27,172.6645965576172,173.02620694763945,170.56911252159907,171.22742198001825,5763000
2023-06-28,170.3280029296875,173.14672145417185,170.03130390756752,172.69238471785317,5193900
2023-06-29,170.4949188232422,170.50418580489557,168.18616706582847,169.91077357361692,5770400
2023-06-30,171.73736572265625,172.01553078840556,170.49491113011402,170.64325357019243,7635100
2023-07-03,172.08970642089844,172.12678849332877,170.1147500474927,170.8843339200026,2389000
2023-07-05,172.99839782714844,173.10039123032175,171.50559300692044,171.5334081034163,5277100
2023-07-06,173.0169219970703,173.15599746030304,171.43139097590037,172.2844201625423,5592100
2023-07-07,169.75314331054688,172.34932702565098,169.70678010797906,172.29369684179483,6309900
2023-07-10,170.8843536376953,172.3771583533792,170.40220175209078,170.67109986347313,5508800
2023-07-11,170.58763122558594,171.28303684788338,169.14118979489743,170.95852271298273,3914300
2023-07-12,169.8365936279297,171.17177467236453,169.66042194178019,170.58762942840843,6080100
2023-07-13,173.8792266845703,174.37064554282117,169.92004657649,172.2751616217527,8223100
2023-07-14,174.50975036621094,174.8991758643373,173.471268223142,174.18522204373966,4467600
2023-07-17,172.11752319335938,173.3970598516135,171.92280340402567,172.7758325588827,5637400
2023-07-18,171.02342224121094,173.22091365868397,170.43929113110212,171.9413627686159,5684100
2023-07-19,172.70166015625,173.01692145202335,170.99560178834068,171.53338382458537,4140800
2023-07-20,175.52040100097656,176.160176506813,173.21164899036359,173.85142449620002,5056500
2023-07-21,176.3177947998047,177.5324344520777,175.5203957241657,176.27143159171985,15022100
2023-07-24,177.02244567871094,177.4953163876396,176.29922499537867,176.71646552067605,4225800
2023-07-25,177.43043518066406,178.0331144216243,176.22506255067933,176.5495908484667,3521600
2023-07-26,177.65296936035156,178.37619010578658,176.22506183357478,177.20789955695756,3898900
2023-07-27,174.8064422607422,178.29273763503622,174.68590074910944,178.02385366454556,4141800
2023-07-28,176.4568328857422,177.43967043739778,175.97468109034185,176.29920933010513,5602300
2023-07-31,173.8143310546875,175.78927348717207,173.24873389137872,175.65946499795683,5687700
2023-08-01,173.22093200683594,174.87136041617507,172.83149236142756,173.84215940603073,2853900
2023-08-02,174.60243225097656,176.14160001003108,172.8314626299462,173.0076343087379,4285900
2023-08-03,173.4990692138672,175.44621069425907,173.35999374300957,174.47263995406314,2857400
2023-08-04,171.16250610351562,174.3242728510689,170.93070423400818,173.49905876154497,4651100
2023-08-07,173.28582763671875,173.58254085951376,171.62613225941288,171.7930228361862,3323400
2023-08-08,171.01414489746094,173.83284932947362,170.63398644619036,173.57323237447494,5017900
2023-08-09,170.58763122558594,171.53338683336827,169.3359095942887,170.49491896478443,4413100
2023-08-10,170.37435913085938,172.08041734512463,170.1703723717557,170.81014773912068,3727200
2023-08-11,170.6432647705078,170.86579966732612,169.938592152679,170.60618269507003,2873800
2023-08-14,170.2538299560547,171.4035723043376,169.79950735360518,170.9677836645565,3385600
2023-08-15,168.1490936279297,170.10550211011343,167.94510683656915,169.81805588733138,3331800
2023-08-16,168.019287109375,169.63261919880307,167.77820409053945,168.3808974895638,2633700
2023-08-17,165.4601593017578,168.20469945746757,165.33963195927356,168.01926080528528,4503000
2023-08-18,165.20980834960938,166.4800921129717,164.366060365028,165.4694394387831,6020300
2023-08-21,164.16209411621094,165.0058563542812,163.40177715933956,164.79258843824326,4284100
2023-08-22,162.9103546142578,163.94883663298967,162.54874425585987,163.35541025196366,3489300
2023-08-23,165.15420532226562,165.30256192673858,163.53159209951195,164.34753927604874,4042700
2023-08-24,164.28262329101562,167.30532889204375,164.20845913894968,165.05220723829305,5709800
2023-08-25,166.3595733642578,166.62847147092128,164.89458376883098,165.0985705573122,4710700
2023-08-28,167.12913513183594,167.99143122937969,166.2853729958296,167.65765014495935,3189800
2023-08-29,167.7596435546875,168.0285416483888,165.9886880099715,167.1755124595257,4368600
2023-08-30,167.8987274169922,168.99282542130902,167.56493216773126,168.2510707767851,3153400
2023-08-31,166.12933349609375,167.7260189646876,166.07331194414257,167.4552291334608,5566700
2023-09-01,163.70164489746094,166.96035535933495,163.06670072234107,166.88565520652102,4801400
2023-09-05,162.6184844970703,164.2245018716824,162.14227289038274,163.65492577664446,5081800
2023-09-06,163.15072631835938,163.39350536688482,161.983563193054,163.32813739302128,5933800
2023-09-07,164.7100372314453,165.32630271625433,163.598910020926,164.19649690836636,4934300
2023-09-08,164.58865356445312,165.410326587986,163.97238811110756,164.15913133247437,2995000
2023-09-11,167.07240295410156,167.5392682360357,165.11157731853683,165.11157731853683,4512700
2023-09-12,166.4561309814453,167.06305007370594,166.01727653100602,166.89498543188458,3331100
2023-09-13,167.7726593017578,168.2021815236416,166.400088820794,166.51213190146186,3781400
2023-09-14,169.21998596191406,169.64950828988464,167.44590359105655,168.01547980445358,4118300
2023-09-15,167.92205810546875,169.77085440588107,167.70730412020254,169.38802155348915,11661200
2023-09-18,167.4925537109375,169.00519230939358,166.60549848582374,169.00519230939358,3182600
2023-09-19,166.50279235839844,167.2591116146226,165.5503834720896,167.00700044668338,3369300
2023-09-20,166.55882263183594,167.52989591663092,165.79315691408308,167.2217631946763,3695800
2023-09-21,163.7576446533203,166.51214652656074,163.52421204969662,166.29739252055367,5351000
2023-09-22,163.65492248535156,164.70069591845058,162.8145566215303,163.3467897600432,4542300
2023-09-25,162.7772216796875,163.81366298937604,161.70342317549756,163.10401876980126,3553600
2023-09-26,161.087158203125,162.20763173348425,160.26547096531772,161.5353447657499,5213700
2023-09-27,158.33265686035156,161.24589089324922,157.82843450998453,160.8910688131831,5729900
2023-09-28,158.2672882080078,158.9022179826226,157.0347573547995,158.6687854041447,4841600
2023-09-29,158.21127319335938,159.51848998770708,156.90404215141717,159.21035726169774,5194200
2023-10-02,157.9591827392578,158.25798333009124,156.23178990913976,157.87515041593454,3838800
2023-10-03,156.58657836914062,158.7341610445565,155.96098073826462,157.66970900510265,4873400
2023-10-04,157.71640014648438,157.92182196760126,155.9889932637092,157.28687790753233,4134000
2023-10-05,149.49024963378906,157.62303381423393,149.27548137361504,157.5856908654535,10556400
2023-10-06,149.6676483154297,150.25590306112343,145.5032184661073,148.25772045796248,12774700
2023-10-09,150.666748046875,150.72276959502747,148.12700004825868,149.39687404756685,7244500
2023-10-10,153.50527954101562,154.23358814869727,151.29234294441343,153.36522567322913,11456400
2023-10-11,151.84323120117188,154.47635773528458,150.89083646327987,154.07484625952637,7371500
2023-10-12,147.60409545898438,151.87123575035025,146.99716218284024,151.82456063091908,9024100
2023-10-13,149.39686584472656,149.620966272628,147.48271565157194,148.10831331758527,6757100
2023-10-16,150.40530395507812,151.21764489468936,149.2101301080838,150.33060380869148,5605000
2023-10-17,149.74234008789062,150.91884951348743,148.61253427953258,149.39686439820028,6411300
2023-10-18,151.29232788085938,152.5715339045972,150.20919725250025,150.34926535393666,6650600
2023-10-19,149.9197540283203,151.93661515592174,149.77970016429057,151.17094937230442,6336800
2023-10-20,149.39686584472656,151.47908067311073,149.12609029432497,150.67607194929153,5486500
2023-10-23,149.47157287597656,150.8908471562375,148.51916382299655,149.02338624711376,5795800
2023-10-24,151.4417266845703,152.05799213067323,149.09805440403807,149.7796878130281,5265200
2023-10-25,151.5911102294922,152.66489430692582,150.7694230587023,151.31098830785083,4534600
2023-10-26,150.7134246826172,152.53419608167778,150.61071377048583,151.89925201188527,5147000
2023-10-27,149.0420379638672,151.39504249922936,148.36041877914374,151.28299941341038,5078000
2023-10-30,151.52577209472656,151.8058940714971,150.08783351044465,150.61072026836536,4625900
2023-10-31,152.45950317382812,152.52487114264682,150.94686443940313,152.15137042281643,5947400
2023-11-01,153.94412231445312,154.4670090446594,151.97395065397205,152.82364871435468,6682500
2023-11-02,155.7742462158203,156.08237896123885,153.75738510813275,153.8227530757649,5413400
2023-11-03,155.73687744140625,157.62301672118713,155.64351295578192,157.50162721752176,4063300
2023-11-06,155.65286254882812,156.39984975538798,154.2616133023013,154.49504591387648,5784600
2023-11-07,156.10104370117188,156.5959339281498,155.11129174240685,155.74623583238156,4687200
2023-11-08,156.297119140625,157.18416010331123,155.61549999004643,157.02542765715424,4926600
2023-11-09,155.1486358642578,156.735974584047,154.82182454800966,156.47453123008614,5639300
2023-11-10,155.85829162597656,156.66130041699648,153.93480909687216,156.22244594704392,5552900
2023-11-13,156.6519317626953,157.5949942085221,155.42874738567846,155.93295546374594,5402300
2023-11-14,156.96942138671875,157.27755413485474,155.8302691351598,156.8200211001809,6238900
2023-11-15,156.16639709472656,157.604335528481,155.25134536415555,157.52030321852524,5611200
2023-11-16,156.595947265625,158.7341838258662,155.37274835169157,157.2308771620821,5386400
2023-11-17,155.70887756347656,157.10014099923112,154.78449357888115,156.91339776732462,5583100
2023-11-20,155.4847869873047,155.7182195824854,154.7377998332074,154.9992432000022,4886200
2023-11-21,156.67996215820312,156.73598370194026,154.92454446726634,156.0356859100361,3980000
2023-11-22,158.005859375,158.33267071392885,157.14682911699853,157.19351848650197,3235600
2023-11-24,158.1459197998047,158.7528531333499,157.75375472537024,157.75375472537024,1751700
2023-11-27,157.16551208496094,158.45405038399872,156.95074382879164,158.45405038399872,3664700
2023-11-28,157.66970825195312,158.5100598720782,156.88537817349044,157.22152167105938,4056100
2023-11-29,156.08238220214844,157.91248586751342,155.60617056407014,157.89382151716987,4722400
2023-11-30,158.33570861816406,158.40157503762367,155.07097091483195,156.2846616226641,7346700
2023-12-01,158.7120361328125,158.86257562320645,157.47952456221338,158.41095715202457,4897400
2023-12-04,159.1354217529297,159.8692838503525,158.24161682465694,158.43918735137422,5323300
2023-12-05,158.0064239501953,159.5400147493524,157.7900323704408,159.1448449341648,4553800
2023-12-06,157.60186767578125,158.36396866704862,156.86800540825547,158.04406857496215,4726600
2023-12-07,157.55479431152344,158.3451051017584,156.83973891025144,158.06284714632136,4934800
2023-12-08,155.88006591796875,157.23489260442147,155.49432821782148,157.1596228600368,5115200
2023-12-11,157.8935089111328,158.1851702157691,156.6139518910045,157.53598119255327,6912600
2023-12-12,158.5050506591797,159.26713710263212,157.79000960181708,159.26713710263212,4515800
2023-12-13,161.83566284179688,161.8733048951283,158.1757555702289,158.57091099278722,6082100
2023-12-14,158.29808044433594,161.79804509508122,158.00641911614682,161.49696607486155,7119300
2023-12-15,157.12200927734375,158.54268814507915,156.60453871087154,157.5453890658257,17734600
2023-12-18,158.91905212402344,160.1797882749339,157.5077764564029,158.11932350320973,5439500
2023-12-19,158.01580810546875,158.84376097966395,157.41366447593674,158.00640477052983,4855900
2023-12-20,155.88951110839844,157.5642237367374,155.87069007992318,156.6610010010237,5157800
2023-12-21,157.0937957763672,157.21611092496374,155.60725039001417,156.6515949304668,4374000
2023-12-22,157.7617950439453,158.22281692824626,156.99030514762768,157.46073036809207,3030400
2023-12-26,158.8719940185547,159.3988679286443,157.35722434892836,157.73355875435314,2779200
2023-12-27,159.3800506591797,159.46473810519865,158.40157256826345,158.90962546318892,3502500
2023-12-28,159.3706512451172,159.5117730648919,158.72146216167738,159.38005458102282,2911100
2023-12-29,159.7940216064453,160.01042752561358,159.16365358835063,159.32359642671162,3291500
